email address,first name,last name
zzawadow6197@bvsd.org,Zofia,Zawadowski
zunaira.chowdhary@gmail.com,zunaira,chowdhary
zomar2313@gmail.com,Zainab,Omar
zoenefb@gmail.com,Zoe,Brinner
zinzeemczee@gmail.com,Zamzam ,Hussein
zinnouba102@hotmail.com,Zineb,Bentassil
zimcollegetechnovation@gmail.com,Mitchell,Phiri
zhengmengxia_1998@hotmail.ca,Mengxia (Shirley) ,Zheng 
zeynep.ozturk@ggl.hisarschool.k12.tr,Zeynep,Ozturk
zeencohen@gmail.com,Zeenat,Cohen
zcolsenet2018@trafalgar.qc.ca,Zoe,Colsenet
zaynab.iyiola@gmail.com,zainab,iyiola
zanelesibanda99@gmail.com,Zanele,Sibanda
zainrajha@rfs.edu.ps,Zain,Rajha
zaguialejandra@gmail.com,Sagrario Alejandra,Gonzalez Velasco
zaconetangelica@gmail.com,Marely Silia,Silia
zaberiansari6@gmail.com,Zaberi,Ansari
yzhang21@email.wm.edu,Yingzhu,Zhang
yvonnem6894@afsenyc.org,Yvonne,Morales
yvonnechen2510@gmail.com,Yvonne,Chen
yuyutucktuck@hotmail.com,Yara,Tucktuck
yurnaz.16@robcol.k12.tr,Nazlı,Yurdakul
yslane_spfc@hotmail.com,Yslane ,Santos
ysahili@gmail.com,Yasmin,Sahili
youyang@ravenscroft.org,Yunxin,Ouyang
yongli_d@yahoo.com,Yong,Dich
yolandazhou123@gmail.com,Yolanda,Zhou
yolandankalan@gmail.com,Yolanda,Nkala
yewsojelly@gmail.com,Gayla,Powell
yessicanoemi0604000@gmail.com,Yessica Noemi,Nuñez Iñiguez
yepinternet11@gmail.com,Rishabh,Sharma
yeesakee99@gmail.com,Yeesa,Kee
yeelwin19@yahoo.com,Yee,Lwin
ycastro3@cps.edu,yelitza,castro
yassin512wassup@hotmail.com,Yassin,Drammeh
yasminshaikh8898@gmail.com,farheen,shaikh
yasmine.lagha@yahoo.fr,yasmine,lagha
yasminallam@ymail.com,Yasmin Allam,Yasmin
yariasgonzalez@gmail.com,Yadira,Arias
yarakhadijeh@rfs.edu.ps,Yara,Abu Khadijeh 
yaoalary2202@hotmail.com,Yao,Alary
yangs16@gsiscommunity.kr,Heather,Yang
y.lin0504@gmail.com,Yutian,Lin
xu.shuyin98@gmail.com,Shuyin,Xu
xoxocloclo11@gmail.com,Chloe,Wing
xinyuxh@gmail.com,xinyu,he
xinyi.kuang@gmail.com,Cynthia,Li
xiangyi99@live.com,XiangYi,Chen
xahtzirysanchez7990@yahoo.com,Xahtziry,Sanchez
xahtzirysanchez7990@hotmail.com,Xahtziry,Sanchez
xahtzirysanchez7990@gmail.com,Xahtziry,Sanchez
www.ntles41@gmail.com,hendrietta,retshedisitswe
wu.vivian00@gmail.com,Vivian,Wu
wingedchika158@gmail.com,Lyta,Christian
wiam.jazouli@hotmail.com,wiam,jazouli
whitneysatory@outlook.com,Siah,Lyimo
wgarcia996@gmail.com,Felicia,Garcia
weronikaworonowicz@gmail.com.uk,Weronika ,Woronowicz
weronikaworonowicz@gmail.com,weronika,woronowicz
welcom.com@gmail.com,Aqsa,Ansari
weinjason@sbcglobal.net,Helen,Ye
wards@stpeterspn.school.nz,Samantha,Ward
wangs@d-e.org,Shitian,Wang
wala123456@hotmail.fr,fadwa,benkhallouq
wako_morimoto@priorypanther.com,Wako,Morimoto
wafflebunny1234@gmail.com,Devi,Argi
vyolet79@gmail.com,Destiny,Vazquez
vvarela-romo@icacademy.org,Valeria,Varela Romo
vroble@icacademy.org,Veronika,Roble
vrenick@gmail.com,Lilly,Renick
vrameettha@gmail.com,Rameettha,Venkatesh
vnutting@andover.edu,Veronica,Nutting
vlek.victor@gmail.com,a,sierat
vivianfavila@gmail.com,Vivian,Ferreira Ãvila
viviana.basca@gmail.com,Viviana,Vasconcelos
vitoria.quadradoalves@gmail.com,Vitória,Alves
virginiachatterbox@gmail.com,Victoria,Airapetian
violetta2003@hotmail.fr,yasmine,bahij
violetcity101@hotmail.com,Maggie,Zhu
violeaj77@hotmail.com,ana,valeria
vinay.dhanu1@gmail.com,Dhanusha,Pothula
victoryanoh@gmail.com,victory,Anoh
victoria.b.medeiros@gmail.com,Victória,Medeiros
victoria_wilson7426@yahoo.com,Vongcheng,SARY
vickymoribe@gmail.com,Victoria,Moribe
vickicchen@gmail.com,Valerie,Chen
vicki.mungal@hotmail.ca,Victoria,Mungal
vick_fmsilva@hotmail.com,Victória,da Silva
vhernandez34705@student.greendot.org,Viviana ,Hernandez
veronicaap2001@yahoo.com,Maria Isved,Aguillon Cardona
verinhaborges02@hotmail.com,Vera Sathie,Iwami
venkat.shreya@gmail.com,Shreya,Venkat
venessacharleau@hotmail.com,Venessa,Charleau
vega.jethani@gmail.com,Vega ,Jethani
vedarya1991@gmail.com,Ved Prakash,Arya
vchege.203@gmail.com,Venessa,Chege
vb-martines@hotmail.com,Veronica,Martines
vasquezlisette@gmail.com,Lisette,Vasquez
varshraghu@gmail.com,varshini,r
vanyarohatgi@yahoo.com,Vanya,Rohatgi
vania.zuniga@cih.edu.mx,Vania Paola,Zúñiga Salazar
vanharens@stpeterspn.school.nz,Stephan,van Haren
vanessalalsiew14@hotmail.com,vanessa,lalsiew
vanessa.ifal@gmail.com,Vanessa,Dos Santos
vaneshabachue@hotmail.com,Vanesha,Bachue
vane.morales1127@gmail.com,Vanessa,Morales
"vancha,verma@live.com",Vancha,Verma
valini_roopnarine@hotmail.com,Valini,Roopnarine
valeriamejia545@gmail.com,valeria,mejia jimenez
valeriadefatimaromani@gmail.com,Manuela Romani ,Tonelli
valeracika_333@mail.ru,Valeria,Chiriac
valepenadiaz@gmail.com,Flavia,Peña
vaishurama@gmail.com,Vaishnavi,Ramakrishnan
vaishu.vish67@gmail.com,varsha ,vishwkarma
vagmiuhar@gmail.com,Vagmi,Luhar
uwade23@gmail.com,unique,wade
ushayadav.chiragh@gmail.com,Usha,Yadav
usanaseorny@gmail.com,Usanase,Ornella
urdan.hossfeld.fam@gmail.com,Katie,Urdan
ummiahmad@gmail.com,Ahmad,Ummi
ujung2001@naver.com,Yu Jung,Lee
ujaladin@hotmail.com,Ujala,Din
uifauzeeyat@gmail,fausat,isu
udochiokorie@gmail.com,Udochi,Okorie
tzamora@cps.edu,Tania,Zamora
tysaunajordan1208@gmail.com,Tysauna,Jordan
tvessella16@spsstudents.org,Theadora,Vessella
tumsreypov@gmail.com,Srey Pov,Tum
tsutsumi.emiko@gmail.com,Emiko,Tsutsumi
tsholofelo.mbunda20@gmail.com,Tsholofelo,Mbunda
tshimalambani@gmail.com,Tshimangadzo,Lambani
tshegofatsomotsheki@gmail.com,Tshegofatso,Motsheki
trust003@gmail.com,trust,frezz
trupti.vasan@gmail.com,Malvee,Vasan
trispriorcalebprior@gmail.com,Katanu,Mwendwa
trishna.d.shah@gmail.com,Trishna,Shah
trinitypeterson4@gmail.com,Trinity,Peterson
tricias260@gmail.com,Patricia,Katusiime
triciamamauag@yahoo.com,Tricia,Mamauag
tricaioana8@gmail.com,Ioana,Trica
treasure1alone@yahoo.com,Lilian,Enyiukpo
tracey_treat@yahoo.com,Tracey,Treat
trabety@yahoo.fr,Tracy,Mboa
tpushpanatha@williamperkin.org.uk,Thiluxshiny,Pushpanathan
torrey_centeno@outlook.com,Torrey,Centeno
torigsharpe@gmail.com,Victoria,Sharpe
toriawilson18@gmail.com,Toria,Wilson
tootabear@gmail.com,katia,joubran
tofunmiajoke@hotmail.com,Awodiji,Oluwatofunmi
to.anja@gmail.com,Anja,Hendrikse Liu
tm2488a@student.american.edu,Taylor,Moore
tinyskunk@gmail.com,Olive,Fox
tinygreenfern@gmail.com,Marie,Wulff
tiffanygobin22@gmail.com,Tracey,Gobin
tiaratillis@ywcpa.org,Tiara,Tillis
thoy_leangsim@yahoo.com,Leangsim,THOY
thiruni_99@live.ca,Thiruni ,Thirimanne
thiny.t@ligercambodia.org,Thiny,T
thiago.m@aol.com,Thiago,Martino
theskatr@gmail.com,Amanda,Koong
therachellee98@gmail.com,Seo Young (Rachel),Lee
thedreamcatcher.sj@gmail.com,Yuchen,Jiang
thayna.assis98@gmail.com,Thayna,Assis
thatomoremi28@gmail.com,Thato,Moremi`
thatomoremi@gmail.com,Thato,Moremi
thamirescezar@gmail.com,Thamires,Lopes Cézar Ribeiro
thalia.renaker@gmail.com,Thalia,Renaker
thabisilemabena7nomat@gmail.com,thabisile,Mabana
thabangvilakazi1997@gmail.com,Thabang,Vilakazi
tetravis@sms.edu,Taryn,Travis
tessa_rachel_stu@yahoo.com,Tessa,Stueven
teodorab23@yahoo.com,Teodora,Baluta
teghanbeam@gmail.com,Teghan,Beam
techtastics@gmail.com,Zohar,Kolodner
technovation.mexico@gmail.com,Nombres,Apellidos
technovation.esni@gmail.com,Shreya ,Khanna
tebogo0177@gmail.com,Tebogo,Ditlhake
tbell3325@gmail.com,Kaitlin,Chestnut
tb.gabrielacosta@hotmail.com,Gabriela,Pereira
taynaraaghata@gmail.com,Taynara,Aghata
taylorwiedmann@nc.rr.com,Taylor,Wiedmann
taylorward497@gmail.com,taylor,ward
taylorward479@yahoo.com,Taylor,Ward
taylorm11587@yahoo.com,Taylor,Mealie
tatiana.baractari@gmail.com,Tatiana,Baractari
tatiana_le1999@yahoo.com,Tatiana,Le
tass.lina8560@outlook.fr,lina,tass
tass.lina66@gmail.com,Lina,Tass
tass.lina1@gmail.com,Lina,Tass
tasneemzb@gmail.com,Tasneem,Bootwala
tasneemarends54@gmail.com,tasneem,arends
tasfia.addrita@gmail.com,Tasfia,Addrita
taramccaffrey12@aol.com,Tara,Mc Caffrey
tanya.bearson@gmail.com,Tanya,Bearson
tanshi.jain20@gmail.com,Tanshi,Jain
tansherrie71@gmail.com,Aaliyah,Fitzgerald
tanisharaeen154@gmail.com,Tanisha,Raeen
tamysayuriishi@gmail.com,Tamy,Sayuri
tambosi.isabella@gmail.com,isabella,tambosi
talwar.sana77@gmail.com,Sana,Talwar
tallsocks@ymail.com,Taikia,Farmer
tajee165@gmail.com,Rachel,Yuan
tahsinc8947@afsenyc.org,Tahsin,Choudhury
sydneyforte@yahoo.com,Sydney,Forte
swong-smith18@archer.org,Saskia,Wong-Smith
swissdeedee.cd@gmail.com,CHELSEA,DEON
swethavasu310@gmail.com,SWETHA,.V
swethaswethu0002@gmail.com,Swetha,H
swethagarepelli@gmail.com,swetha,garepally
swetha1999@ymail.com,Swetha,Pillai
swaled@gmail.com,Pauline,Wambui
svz1999@gmail.com,Sabrina,Zha
svusamia@gmail.com,Snowrine,Vusamia
svrox02@gmail.com,Sanjana ,Vasanth
suzukijos@gmail.com,Josphine,Njeri
suvarnabhakare@hotmail.com,Sanika,Bharvirkar
sushmanp44@gmail.com,Sushma ,Parappagoudar
superkiki101@gmail.com,Nikita,Karnik
supalizgal@yahoo.com,Elizabeth,Otieno
sukanyaj@gmail.com,Sukanya,Joshi
suhamonawar@gmail.com,Suha,Monawar
suemwesh10@gmail.com,Susan ,Mwende
sue0623@naver.com,Ji Su,Lee
stuffandthings73@gmail.com,Kate,M
stueventessa161998@gmail.com,Tessa,Stueven
stilodevestir@outlook.com,Thayná,Pereira
sthefanie.morais@hotmail.com,Sthefanie,Morais de Almeida
sthe.morais@hotmail.com,Sthefanie,Morais de Almeida
stgrechi@yahoo.com.br,Stephanie,Grechi
stephyarita97@gmail.com,Stephanie,Arita
stephaniezablocki@gmail.com,Stephanie,Zablocki
stephaniesaout0909@gmail.com,Stephanie,Saout
stephaniekwamboka@gmail.com,stephanie,kwamboka
stephanie.ellis@rogers.com,Stephanie,Ellis
steph_torpe@hotmail.com,Stephanie,Paula
steffy.sandu@gmail.com,Stefania Iulia,Sandu
stanfordt@stpeterspn.school.nz,Tayla,Stanford
ssrs1221@gmail.com,Sydney,Spearing
ssotospps2013@gmail.com,Samantha,Soto
sshintani18@archer.org,Sydney,Shintani
sshah@rthighschool.org,Jamela,Shah
sscruton2017@trafalgar.qc.ca,Skye,Scruton
ssandy2018@trafalgar.qc.ca,Sabrina,Sandy
srishtigc@gmail.com,Srishti,Ghosh Chowdhury
srijani.saha@gmail.com,Srijani,Saha
sreypich.k@ligercambodia.org,Sreypich,KHON
sreynochkim@yahoo.com,Sreynoch,KIM
sreynicsrey@gmail.com,Srey Nich,Srey
sreyneang.o@ligercambodia.org,Sreyneang ,OUN
sreyneang.l@ligercambodia.org,PhoSreyneang,Loeurng
sreyleap.c@ligercambodia.org,Sreyleap,C
srcamacho@icacademy.org,Stephanie,Camacho
spatel017@yahoo.com,Saloni,Patel
sparklingsamyu@gmail.com,Samyukta,Iyer
sovanthean@gmail.com,Sovanthean,Tin
sovannary.r@ligercambodia.org,Sovannary,Rith
soumya01tejam@gmail.com,Soumya,Tejam
soumya.turumella@gmail.com,Soumya,Turumella
soso.shalabi@gmail.com,Sarah,Shalabi
sorvis15@archer.org,Sage,Orvis
sopor.t@ligercambodia.org,Sopor,Thanann
sophieshen8@gmail.com,Sophie,Shen
sophie2220@gmail.com,Sophie,Lian
sophia.tabat@gmail.com,Sophia,Tabat
sopheak.t@ligercambodia.org,Sopheak,T
sonrrics00@live.com.mx,Patricia Damaris ,Rodríguez Gonzalez 
sonnienjagi@gmail.com,Muthoni,Njagi
soniandemba@yahoo.com,Belle,Ndemba
sonia.omwenga@gmail.com,Sonia,Omwenga
sonalimalik2012@gmail.com,Sonali,Malik
solomonwilson@me.com,Abigail ,Wilson
solom008@apps.distroct279.org,Matia,Solomon
soleil.mdsv@gmail.com,Daniela,Pucicov
sofismgh@hotmail.com,Sofia Natalia,Guevara Gonzalez
sofihvenada@yahoo.com.mx,Karla Sofia,Hernandez de la Vega
sofie.shand@gmail.com,Sofie,Shand
sofia.bliss.carrascosa@gmail.com,Sofia,Bliss Carrascosa
snix@gmail.com,Sabine,Nix
snix@andover.edu,Sabine,Nix 
sngtigers@gmail.com,Irina,Cotici
snehanair0803@gmail.com,Sneha,Nair
snebesh@gmail.com,Solomia,Nebesh
snaripukule@gmail.com,Lekuton,Sharon
smrithishree2001@gmail.com,Smrithi,Shree
smileymahek@gmail.com,Mahek,Shaikh
smicjoycelu@hotmail.com,Joyce,Lu
smendozap.mendoza@gmail.com,Sandra,Mendoza
smartcookie770@gmail.com,Gabriella ,Fox
sloanescs@gmail.com,Sloane,Sambuco
sliu15@lasalle-academy.org,Xuefei,Liu
slin@andover.edu,Samantha,Lin
skyler.liu@gmail.com,Skyler,Liu
sky5571012@gmail.com,Caroline,Deck
skierae@edgewoodk8.com,Lizy,S.
skasongo409@gmail.com,shadrack,kasongo
singh7anjali@gmail.com,Anjali,Singh
simrill.h.smith@gmail.com,Nina(Simrill),Smith
simransinghpghc@gmail.com,Simran,Singh 
simabhagat@gmail.com,Sima,Bhagat
silviaghiderman@gmail.com,Silvia,Ghiderman
sihlemnguni.360@gmail.com,Sihle,Mnguni
sidrabokharii@gmail.com,Sidra,Bokhari
shweta.kale2904@gmail.com,Shweta,Kale
shrutyprasad2204@gmail.com,Shruty,Prasad
shrutichauhan03@hotmail.com,Shruti,Chauhan
shriya26s@gmail.com,Shriya,S
shreyar757@gmail.com,Shreya,Rana
shreyaprasad2204@gmail.com,Shreya,Prasad
shreya2000@live.com,shreya,S
shreeya423@gmail.com,Shreeya,Tripathi
shivalikakohli@outlook.com,Shivalika,Kohli
sheumichelle@gmail.com,Michelle,Sheu
sheilanangila@gmail.com,sheila,nangila
sheebaidrisi154@gmail.com,sheeba,idrisi
shazobaig@gmail.com,Shazia,Kanwal
shayara2000@gmail.com,Shakthi,Ravichandran
shaquandashipman@rocketmail.com,Shaqanda,Shipman
shannon.yan1@gmail.com,shannon,yan
shaniamenza@gmail.com,Shania,Menza
shanialoorkhoor@gmail.com,shania,loorkhoor
shailsookram@yahoo.com,Shail,Sookram
shaider@williamperkin.org.uk,sonia,haider
shai@bejerano.com,Shai,Bejerano
shahs@rockyhillps.com,Saloni,Shah
shahdarshi21@gmail.com,Darshi,Shah
shahartavor15@gmail.com,Shahar,Tavor
shaanmokgwadi@gmail.com,shaan,mokgwadi
sgandara@gonzales.k12.ca.us,Sarah,Gandara
seyonna27@comcast.net,Seyonna,Lovejoy
settipalli.sridevi@gmail.com,Srinidhi,Nagireddy
serra.eminoglu@ggl.hisarschool.k12.tr,Serra,Eminoğlu
seromohero@gmail.com,seromo,khaba
serenachau@ymail.com,Serena,Chau
sendmail2vpoorani@gmail.com,Pavithraa,S
semaelin@gmail.com,Sema,Dibooglu
selin.uygun@ggl.hisarschool.k12.tr,Sellin,Uygun
selin.oz@ggl.hisarschool.k12.tr,Selin,Öz
selenu94@gmail.com,selen ,yaz
seleancaceres@gmail.com,Flor,Caceres
selean.caceres@hotmail.com,Flor,Caceres-Godoy
sejalsahni3@gmail.com,Sejal,Sahni
sealanimation@gmail.com,Tasha,Claburn
sdurbanmolefe@gmail.com,molefi,michael
sdevereu3652@bvsd.org,Sarah,Devereux
sdarmousa@icacademy.org,Sana,Darmousa
scoviapiyo@gmail.com,Apiyo,Scovia
schwendler@gmail.com,Ana Maria,Schwendler Ramos
scho20@spenceschool.org,Sophia ,Cho
sbrandt@spartans.ut.edu,Test,Test
sbindal94@gmail.com,Sommya,Bindal
sbelwariar@yahoo.com,Srishti,Belwariar
sbardin17@student.hausner.com,Shai,Bardin
sayraesqueda3006@hotmail.com,Sayra Esqueda,Torres Esqueda
savitasony154@gmail.com,savita,sony
savannah1017@live.com,Majarha,Duvall
satvikakumar@gmail.com,Satvika,Kumar
sasakel011@gmail.com,Soleil,Kelly
saryang4@gmail.com,Sarah,Yang
sarapinze@hotmail.com,Sara,Pinze
sarahyassien@rfs.edu.ps,sarah ,yassien 
sarahraqueld@gmail.com,Sarah,Ferreira
sarahprice2001@gmail,Sarah,Schilling
sarahhiggens0@gmail.com,Sarah,Higgens
sarahcai@gmail.com,Sarah,Cai
sarah.mogielnicki@gmail.com,Sarah,Mogielnicki
sarah.grommelt@gmail.com,Sarah,Grommelt Gonzalez
sarah_baouab@hotmail.com,Sarra,Baouab
saragamars@hotmail.com,sarah,gama
saraellis@mailinator.com,Sara,Ellis
sarabdeir93@gmail.com,Sara ,Bdeir
sarab70@educbe.ca,Sara,Buzreba
saraamro@rfs.edu.ps,Sarah,Amr
sara.cheng16@gmail.com,Sara,Cheng
sara.baten.10@gmail.com,Sara,Baten
sanyathakkar@hotmail.com,Sanya,Thakkar
sanno177@gmail.com,marjina,shah
sanjanagowda2807@gmail.com,Sanjana,S Gowda
sanea.pleshko@gmail.com,Alexandra,Plesco
sandcastle262@gmail.com,Marisol,Castillo James
sammy.joseph10@gmail.com,Samantha,Joseph
sammiiyii@gmail.com,Samantha Ruth ,Nuñez Nuñez
samirah27.md@gmail.com,Mpho,Dlamini
samihanaim@gmail.com,Samiha,Naim
samboggiano@gmail.com,Samantha,Boggiano
samanthatsoi@gmail.com,Sam,Tsoi
samanthamohan22@gmail.com,Samantha,Mohan
samanthaanchang@gmail.com,Samantha,Chang 
samantha.lavan12@gmail.com,Samantha,Lavan
samady.s@ligercambodia.org,Samady,Sek
sam_sokneang168@yahoo.com,Sokneang,Sam
salvadororona131@gmail.com,Nancy ,Perez
salvador.cossa@hotmail.com,Salvador,Cossa
salonee6@gmail.com,Salonee,Darbari
salinaabdool@gmail.com,salina,abdool
salazarkrystel@yahoo.com,Elvia ,Olvera
salazar_krystel@yahoo.com,Elvia,Olvera
saima.farook10@gmail.com,Saima,Farook
saijel@outlook.com,Saijel,Verma
sahanasule01@gmail.com,Sahana,Sule
safaeoifi@outlook.fr,Safae,El Oifi
sachikulkarni123@gmail.com,Sachi,Kulkarni
sachael.dass@hotmail.com,Sachael,Dass
sabsel.18@robcol.k12.tr,Selin,Sabırcan
sabrinatardy@gmail.com,Sabrina,Tardy
sabrinap429@gmail.com,sabrina ,pereira lopes
sabrina.ochisor@live.ca,Sabrina,Ochisor
sabrina.hasan@rediffmail.com,Sabrina,Hasan
s199750200@scloud.ocdsb.ca,Aashna,Narang
s.meiling29@gmail.com,ANA,SUNG MARQUES
s.gouveia11@hv.sch.je,Sabrina,Gouveia
s_abdool@hotmail.com,salina,abdool
rweeks15@student.hausner.com,Rebecca,Weeks
ruzzeh@gmail.com,razan,sarsour 
ruthnjeri589@gmail.com,Ruth,Njeri
ruta.joshi@gmail.com,Ruta,Joshi
rumymohsin@gmail.com,Rumaysa,Mohsin
rukmini.bose15@gmail.com,Rukmini,Bose
rubyjill0@gmail.com,Ruby,Montgomery
rubio_jaqueline@live.com.mx,Nayeli Jaqueline,Rubio Otamendi
rubasarraj98@hotmail.com,Ruba,Sarraj
rsomer@andover.edu,Rebecca,Somer
rsminnis@gmail.com,Ryann,Minnis
rpantler@hotmail.com,Riley,Antler
rothkosidine@gmail.com,Rothkosidine,Nara
rosemwapaga@gmail.com,Rose,Mwapaga
rosemustrawr@gmail.com,Ebony,Martin
rose5151@126.com,Yiqing,Chen
rosangela.dower@gmail.com,luisa,stabile
rockyy460@gmail.com,Ifeoluwa,Asala
rocketns@gmail.com,Nikhita,Shanker
rlenher16@lasalle-academy.org,Rachael,Lenher
rkothari31@yahoo.com,Rushali,Kothari
rjofery@yahoo.com,Rachel,Jofery
riyamogli1@gmail.com,Riya,Mogli
riathakkar16@gmail.com,Ria,Thakkar
rianacodfish6@gmail.com,Riana,Coddington
rhowdzraamyrez@gmail.com,rhoda,Muriithi
rheayuvarajrocks@gmail.com,Rhea,Yuvaraj
rftsdancer1@yahoo.com,Hailey,Burbage
renukamadiwal@gmail.com,renuka,madiwal
renatal182@hotmail.com,Renata,Lins
rehab3007@gmail.com,Denise,Morova
regomoditswelebeloane@gmail.com,Regomoditswe,Lebeloane
reghinka@mail.ru,Reghina,Halupa
reblrice@gmail.com,meow,Meow
rebeccarose12@gmail.com,Rebecca,Kaylie
rebeccamillercohen@gmail.com,Rebecca,Cohen
rebecabirkawitz@gmail.com,mylan,gonzales
reb2iris@gmail.com,Rebecca,Teichner
readallday10@gmail.com,Sonali,Deliwala
reachinilly007@gmail.com,Taiwo,Rechael
rberman17@student.hausner.com,Rachel,Berman
rayofsungurl@gmail.com,Rachel,Wang
rayniwells@gmail.com,Rayni,Wells
raynesol1212@yahoo.com,Rayne-soleil,Williams
ravensfan1226@comcast.net,Kristina,Thompson
ratanar@stpeterspn.school.nz,Ruby,Ratana
raphaela.capato.caires@hotmail.com,Raphaela,Capato
ranehobasi@gmail.com,Raneh,Egbe
randomjummy101@gmail.com,Nafisat,Adelaja
randilu.umandi99@gmail.com,Randilu ,Amarasinghe 
ranapriyanka8885@gmail.com,Priyanka,Rana
ramalho@sementestudio.com,Robson,Ramalho de Oliveira
rainsjm@gmail.com,Rain,Soo
rainbowgummybears11@gmail.com,Justine,Sprinkle
raheematalaga@gmail.com,Raheemat,Alaga
rahat036@hotmail.com,Rezwanur,Rahman
rahamam1@bxscience.edu,Mahin,Rahaman
ragoonananamrita@gmail.com,reneesa,ragoonanan
rafy0928@berkeley.edu,Rafaela Jung Hee,Choi Lim
rafaelasqv@gmail.com,Rafaela,Quevedo
rafaelanerisrocha@gmail.com,Rafaela Neris,Rocha
rafaelacipriano.js@hotmail.com,Rafaela,Silva
raehsu16@gmail.com,Rachel,HSU
raeannseney@yahoo.com,Raeann,Seney
raeann.seney@scienceandtech.org,raeann,seney
radjabova.madina@gmail.com,Madina,Radjabova
rachelyan99@gmail.com,Rachel,Yan
rachelstous@gmail.com,Rachel,Stous
rachelsmelone@gmail.com,Rachel,Melone
rachelguo00@gmail.com,Rachel,Guo
r.rodrigues11@hv.sch.je,Ricardina,Rodrigues
quimerasutopiaseideologias@gmail.com,Eleonora,Queiroz
queenscarlett2213@gmail.com,Pooja Rani,Singh
queen.fand@gmail.com,Deirdre,Nicholls-Binion
qiqi.ren@gmail.com,Qiqi,Ren
qingcp@gmail.com,Qing,Huang
qianqiantmc@163.com,Lv,Qianqian
qcuahuey42052@student.greendot.org,Quetzally,Cuahuey
pujitam@gmail.com,Pujita,Munnangi
ptshinde060@gmail.com,Priya,Shinde
ptshinde0106@gmail.com,Priya,Shinde
pswannschool@gmail.com,Payton,Swann
pshirlyn@hotmail.com,Shirlyn,Prabahar
pselvarajah@williamperkin.org.uk,Pavadarani,Selvarajah
priyanka.kadam5124@gmail.com,Priyanka,Kadam
prithi.srinivasan@gmail.com,Prithi,Srinivasan
princsessmaswanganyi@gmail.com,Princess,Maswanganyi
princessqueen1093@gmail.com,Anya,Hung
princesskhushi@gmail.com,tashneen,makkar
pricilamartinez900@gmail.com,Pricila,Martinez
price.rachael97@gmail.com,Rachael,Price
prettyfanisa@gmail,pretty,ngobeni
preshes1310@gmail.com,Nancy,Perez
preetishah123456789@gmail.com,preeti,shah
preciousj2015@gmail.com,Precious,Jacques
preciadoflor@yahoo.com,Flor,Preciado
pragati.s8215@gmail.comi,Pragati,Sahoo
pragati.s8215@gmail.com,Pragati,subhadarshanee
pragathi.prahlad@gmail.com,Pragathi,Sampath
prabhavijay1998@gmail.com,Prabha,V
powerpuffpearls@gmail.com,Neha,Panwar
poudel_ganga@yahoo.com,Ganga,Poudel
popkin@d-e.org,Naomi,Popkin
poojathatera154@gmail.com,pooja,thatera
pmparvathi@gmail.com,Sauntharya,Manikandan
pink21hoslett@gmail.com,Keegan,Hoslett
pilar.sanchez@asa.edu.py,Pilar,Sanchez
phoebek88@gmail.com,Phoebe,Kimm
phataposterniklisapna@gmail.com,Sapna,Telunga
pgallardo42077@student.greendot.org,Paulina,Gallardo
petnella.m@gmail.com,Petronella,Muzondo
pertinaciousnaomi@gmail.com,pertinacious,naomi
perezleticia9429@yahoo.com,Leticia,Perez
pelumos1994@yahoo.com,Pelumi,Oyefeso
pavanishiny@gmail.com,Venkata Pavani,Bandi
paulagrace92@gmail.com,paula,Njeru
paula.zubiri@asa.edu.py,Paula,Zubiri Peroni
patran_georgiana@yahoo.com,GEORGIANA,PATRAN
patilgauri001@gmail.com,Gauri,Patil
parnika15@yahoo.com,Parnika,Rajaghatta
parkashparmar759@outlook.com,Parkash,Parmar
paolamaldonado98@hotmail.com,Paola,Maldonado
paolacastilhozonta@gmail.com,Paola,castilho
pantinti@hotmail.com,Michelle,Pan
panniquinha@gmail.com,Ana,Derani
pankhudinigam@gmail.com,Pankhuri,Nigam
pallaviroxtar@gmail.com,Pallavi,Srinivas
pali1200@gmail.com,Rachana,Jayaraman
paigemarshall13@gmail.com,Paige,Marshall
paballohlahane98@gmail.com,Paballo,Hlahane
outdomchakrtya_soth@yahoo.com,Outdomchakrtya,SOTH
oumaima.lemrani@live.fr,oumaima,oubouhouch
oumaima.lemrani@gmail.com,oumaima,oubouhouch
otiliazamfir89@gmail.com,Zamfir,Otilia
osayuwamen2002@yahoo.com,Dana Karen,Asemota
ortizcielo52+1@gmail.com,Cielo,Ortiz
ortizcielo52@gmail.com,cielo,ortiz
oreoluwa.arowobusoye@ucalgary.ca,Ore,Arowobusoye
oratilemotsepe@gmail.com,Oratile,Motsepe
oortiz@rthighschool.org,Odalis,Larios
om42407@gmail.com,Opportuna,Marura
olverakrystel@gmail.com,Elvia,Olvera
olveraelvia23@gmail.com,Elvia,Olvera
olveraelvia@yahoo.com,Elvia ,Olvera
oliviad999@gmail.com,olivia,deng 
olivia.surfdiva@gmail.com,Olivia,Chaplin
olilabubbles@aol.com,Olivia,Dubi
okelolucq@gmail.com,Lucky,Okello
ojaswi.pradhan@scienceandtech.org,Ojaswi,Pradhan
ohoh.sonicole@gmail.com,Sonicole,Sokha
ofmiceandmiriam@gmail.com,Miriam,Ramzi
oeishi100@gmail.com,Oeishi,Banerjee
nupurb@gmail.com,Nupur,Banerjee
nufucha@gmail.com,Nubia Almeida,Lourenço
nthenyajecinta@gmail.com,Jecinta,Nthenya
nthabelengmotsoeneng123@gmail.com,Nthabeleng,Motsoeneng
ntanangaphyllis@gmail.com,Phyllis,Nassuna
ntakru@gmail.com,Nikita,Takru
nsopuruchi@gmail.com,ndubuisi ,sopuruchi
nshabangu7@hotmail.co.za,Nobantu,Shabangu
nphillip1268@bvsd.org,Neva,Phillips
npersaud1999@hotmail.ca,Nicole,Persaud
nottysuraj@gmail.com,Suraj,Hinge
noraulala2@gmail.com,Nora Rebeca,Aguirre Sánchez
norasadeddin@rfs.edu.ps,Nora,Sadeddin
noradixon03@gmail.com,nora,dixon
nora_yolandi@outlook.com,Nora,Aguirre
noor-ghanim@hotmail.com,Nour,Ghanem
noemie.chasse@gmail.com,noemie,chasse
nobledam2000@hotmail.com,Abdulfattah,Nusaybah
nneogi@gmail.com,Nupur,Neogi
nneogi@andover.edu,Nupur,Neogi
nmnrocks@yahoo.com,Nikita,Nawani
nlewis5099@gmail.com,Natalie,Lewis
nlang@ravenscroft.org,Natalie,Lang
nlal2018@trafalgar.qc.ca,Niharika,Lal
nkomukama@gmail.com,nathipher,komukama
njohnson17@setonhs.org,Niyette,Johnson
niyati.dasari@gmail.com,Niyati,Dasari
niya.robinson@scienceandtech.org,Niya,Robinson
nithyakoganti08@gmail.com,Nithya,Koganti
nithya294846@gmail.com,Nithya,Doodi
nishitarcis@gmail.com,Nishita,Ch
nishita.belur02@gmail.com,Nishita,Belur
nishajonwal94@gmail.com,Nisha,Jonwal
niky.arora@menloschool.org,Nikhar,Arora
niksha1997@gmail.com,Niksha K,Olety
nikole.garrido@rcsedu.org,nikole,garrido
nikkiruto@gmail.com,Nicole,Ruto
nikita101@gmail.com,Nikita,Karnik
nikhithareddyv@gmail.com,Nikhitha Reddy,Vempati
nicoleta.gherasimov@gmail.com,Gherasimov,Nicoleta
nicolerigonatti@hotmail.com,Nicole,Rigonatti
nicolemeister99@gmail.com,Nicole,Meister
nicolar3408@afsenyc.org,Nicole,Rameswar
nicola.k.lowry@gmail.com,Nicola,Lowry
nicerotaru99@gmail.com,Catalina,Rotaru
nhp98@yahoo.com,Anya,Patel
nholguinf@gmail.com,Nancy,Holguin
nguyentmelody@gmail.com,Melody,Nguyen
nellymbeyu@gmail.com,Nelly,Mbeyu
neivew@gmail.com,neive,wellington
nehashahbw154@gmail.com,neha,shah
nehabashyam@gmail.com,Neha,Bashyam
neemsalim77@gmail.com,Neema,Abdul-Hakim
nayara.belisario@hotmail.com,Nayara,Belisario
nayara_belisario@hotmail.com,Nayara,Belisario
navya1618@gmail.com,Navyasree,B
nava.bearson@gmail.com,Nava,Bearson
nathigoes04@gmail.com,Giovanna,Goes
nathalyromero1290@gamil.com,Nathaly,Romero
natashakiara30@gmail.com,Natasha,Kiara
natasha@gleebee.com,Natasha,Puthukudy
natalienijmeh@yahoo.com,Natalie,Nijmeh
natalia_esnaola@yahoo.com.br,Natália,Esnaola
narlyrm@icloud.com,Narly,Ramirez
narlyrm@gmail.com,Narly,Ramirez
narishaslim@gmail.com,narisha,ramkissoon
narah9@hotmail.com,Narah,Silva
narabunbuz@gmail.com,Zektaba ,Narambu
naomiwanjiru139@gmail.com,Naomi,Wanjiru
nanni.naik@gmail.com,Nandita,Naik
nanisleal.06@gmail.com,Daniela,Leal 
naninhamarks@gmail.com,anna luiza,marques
nandini.salian@gmail.com,Nandini,Salian
nandajackson10@gmail.com,Maria,Solis
namrathaprithviraj@gmail.com,Namratha,Prithviraj
namita.dongre0815@gmail.com,Namita,Dongre
nambo001@stpaul.k12.mn.us,Nefsa,Ambo
nambo@stpaul.k12.mn.us,Nefsa,Ambo
namarata.shinde1911@gmail.com,Namarata,Shinde
nalovesu522@gmail.com,Thomonae,Eggleston
nalini@brfm.in,Nalini,Jain
naledi2000@gmail.com,Naledi,Mokgwadi
nairkmeera@gmail.com,Meera K,Nair
nadinebahour@rfs.edu.ps,Nadine,Bahour
nadieh.berger@gmail.com,Nadieh,Berger
nadiaflores888@gmial.com,Nadia,Flores
nadaaker@rfs.edu.ps,Nada,Aker
na_talia@live.com.mx,natalia,avila ruiz
n.irmakpakis@hotmail.com,Fdgf,Rlke
myzhuliye@gmail.com,Juliet,Zhu
mytpen@rocketmail.com,Ang,Del
mylangonzaless@yahoo.com,mylan,gonzales
mylangonzales@gmail.com,mylan,gonzales
mwsbookworm@gmail.com,Meredith,Seaberg
mvasquez-aleman2015@moreaucatholic.org,Michelle,Vasquez
musicischoice1010@gmail.com,Naveena,Aruldhas
musepurity@gmail.com,Purity,Muse
muriithiwanjiru7@gmail.com,Liz,Muriithi
muoki24@gmail.com,Sharon,Muoki
muiyurojoan@gmail.com,Joan,Muiyuro
mugdhapattnaik@gmail.com,Mugdha,Pattnaik
msunami@andover.edu,Moe,Sunami
mstanley15@archer.org,Marcella ,Stanley 
msolis20@cps.edu,Maria,Solis
msaadiya18@gmail.com,Saadiya,Mohammed
ms.kenna52@gmail.com,McKenna,Stamp
mrubybrown@gmail.com,Madelynn,Brown
mrose@ctemc.org,Michala,Rose
mrichey16@gmail.com,Meg,Richey
mrichardson15@yahoo.com,Madison,Richardson
mperez-marquez@icacademy.org,Mireya,Perez
mpatel6292@gmail.com,Maya,Patel
moyosola28@gmail.com,Moyosolaoluwa,Odesanya
moriahbird@gmail.com,Moriah,Bradski
morenolane@gmail.com,Hana,Moreno Lane
mora_vivi@yahoo.com.mx,Viviana,Martinez 
moqueca9mms@gmail.com,Mariana,Moreno Sepúlveda
moniqueedwards555@gmail.com,Taleah,Edwards
monan1999@afsenyc.org,Mona,Naser
monaly_vital@hotmail.com,Monaly Vital,Correia
momomadison@yahoo.com,morgan,johnson
mokeiracynthia@gmail.com,cynthia,mosoba
mohamn@d-e.org,Nicki,Mohammadi
mohammadmohsin@live.com,Muhammad,Mohsin
mohamednassra@yahoo.com,Nassra,Mohamed
moffate@stpeterspn.school.nz,Ella,Moffat
moeletsilekata@gmail.com,Moeletsi,Lekata
mnewsome@cps.edu,MyEva,Newsome
mmcds2012@gmail.com,Maria Martha,Santos
mlungisiericdlamini@gmail.com,Mlungisi Eric,Dlamini
mkgil2@student.monash.edu.au,Mandy,Gill
mkemper@andover.edu,Madeleine,Kemper
mk91098@gmail.com,Megan,Kuo
mjr6122014@gamil.com,Molly,Rogers
mjbenduski@gmail.com,Martha,Benduski
missshelley13@hotmail.com,Ana,Rodrigues
misskedi.cursos@gmail.com,Jacqueline,Castro
misanhalladba@gmail.com,Naseem ,Abdalla
mirelarusu1997@gmail.com,Rusu,Mirela
mirela.10@hotmail.com,Mirela,Cavalcante
miranda_yan@priorypanther.com,Miranda,Yan
mirac9876@gmail.com,Mira,Chadha
mintymentos23@yahoo.com,Allysa,Reid
minisimon90@yahoo.com,anza,simon
minat809@gmail.com,Usman,Amina
mimigloss99@gmail.com,Devin,Goldsmith
milena.novas@hotmail.com,Milena,Novas
mileine@gmail.com,Anita,Adhiambo
milank910@gmail.com,Milan,Kinnemore
mikikiwoods@gmail.com,Alyson,Rickert
miki_yasuda@hotmail.com,Laís Miki,Yasuda Ikeda
miih_rafaela@ymail.com,Milena,Rafaela
mihika2@yahoo.com,mihika,S
miglesurblyte@gmail.com,Migle,Surblyte
mightymeera1@gmail.com,Meera Ariel,Mehta
michello429@gmail.com,Michelle,Ye
michelleli1999@gmail.com,Michelle,Li
michellehli2000@gmail.com,Michelle,Li
michelle.35100@gmail.ca,Michelle,Young
micheli.leticia@hotmail.com,Micheli,Dietrich
michaela.21nl@gmail.com,Nokuthula,Langa
micavalc@gmail.com,Mirela,Cavalcante
miatorres606@gmail.com,Mia ,Torres
miahferoz@live.com,Feroz,JAreen
mia.forte@yahoo.ca,Mia,Forte
mia.bruno@scienceandtech.org,Mia,Bruno
mia.bruno@rocketmail.com,Mia,Bruno
mhab1@student.k12albemarle.org,Madeleine,Andrews
mgelabert15@archer.org,Maria,Gelabert
mfw1024@gmail.com,Mia,Williams
meri8@student.k12albemarle.org,Meg,Richey
mercymumbe2@gmail.com,Mercy,Mumbe
mercygatune1993@gmail.com,Mercy,Gatune
mercygatune@gmail.com,Mercy,gatune
mercygatane1993@gmail.com,Mercy,Gatane
mercyaidoo8@gmail.com,Priscilla,Opoku blackmore
memyas.19@robcol.k12.tr,Yasmin,Memeşa
memmons@ctemc.org,Michel,Emmons
melnguyent@gmail.com,Melody,Nguyen
mell.19.barnes@gmail.com,Mellanie,Barnes
melisackara@ggl.hisarschool.k12.tr,Melisa,Kara
melis.olcay@ggl.hisarschool.k12.tr,Melis,Olcay
melike.kececi@ggl.hisarschool.k12.tr,Melike,Keçeci
melaniepena23@gmail.com,melaine,pena
meiouch@yahoo.com,Mei,OUCH
meiouch@yahoo.cmom,Mei,Ouch
megmegpalm@gmail.com,Megan,Palmer
meganstiling@yahoo.com,Megan,Stiling
megancaufiled@outlook.com,Megan ,Caufield 
megan.klusey@hotmail.co.uk,Megan,Klusey
megan_love@priorypanther.com,Megan,Love
meerak.nair@yahoo.com,Meera K,Nair
meera1138@gmail.com,Meera ,Balaji
mdriskel9981@bvsd.org,Mira,Driskell
mcorykboks@gmail.com,SHEBA,MAKORI
mconstantino@icacademy.org,Melissa,Constantino
mchenfiske@gmail.com,Mari,Chen-Fiske
mbreemen2019@gmail.com,Madison,Breemen
maytrevillion@yahoo.com,Jalani,Trevillion
mayokunoyefeso@gmail.com,Mayokun,Oyefeso
mayabodemathur@gmail.com,Maya,Bode Mathur
maya.marsonia@gmail.com,Maya,Marsonia 
maya.a.nunez.adler@gmail.com,Maya,Nunez-Adler
mauriliavidrio@gmail.com,Maurilia ,Vidrio Hernández
maureennyathirambugua@gmail.com,Maureen,Mbugua
mathapelontimeng@gmail.com,Mathapelo,Ntimeng
marylintawokam@yahoo.fr,Maryline,Tawokam
marykauc@gmail.com,Mary,Kauczka
maryannramsundar508@gmail.com,Maryann,Ramsundar
marusicdiana@gmail.com,Diana,Marusic
martinsthais94@gmail.com,Thais ,Martins
marjanaiss@hotmail.comhanane635241,marjana,issaoui
marjanaiss@hotmail.com,Marjana,Issaoui
marissa.t6421@gmail.com,Marissa,Tardy
marisol.v.c.rosa@gmail.com,Marisol,Rosa
mariqb@hotmail.com,Mariana,Quadros Borges
maripastorello@gmail.com,Mariana,Pastorello
marinapnm01@gmail.com,Marina,Ponciano
marinaanabeatriz@hotmail.com,marina,bodenmuller de moraes
marilynkung1998@gmail.com,Marilyn,Kung
marilyngaldamez4@gmail.com,Marilyn,Galdamez
marilu_balulome@hotmail.com,Maria Guadalupe,Lomeli
maribaracuhy@terra.com.br,Mariana,Bontempeli Baracuhy
marianne@tclmc.com,Marianne,Kenney
mariann.cris@gmail.com,Mariann,Crisafulli
marianagt19@hotmail.com,Mariana,Gomes Tomaz
marianabaracuhi@live.com,Mariana,Bontempeli Baracuhy
mariana.marques.galina@gmailcom,Mariana,Galina
mariamg5567@afsenyc.org,Mariam,Gilani
marialyarmendariz1@gmail.com,Marialy,Armendariz
marialuizamello99@gmail.com,Maria Luiza,Costa
maria.andrap@gmail.com,Andra,Popescu
maria_angelica_98@yahoo.com,Maria Angelica,Stanciu
mari.bravo@bol.com.br,Mariana,Souza
mari.bianchine@hotmail.com,Mariane,Stumpf
margaretmutivi@gmail.com,Margaret,Mutivi
marga12321@gmail.com,Marga,Fernandez
marespino@gmail.com,Marisol,Espinosa
marcellastanley0@gmail.com,Marcella,Stanley
marahessayed@hotmail.com,Marah,Saied
mar_131s2@hotmail.com,Marta,Santo
mapple5115@gmail.com,Laura,appleby
manjulamath@gmail.com,Anagha,Math
mandy.wong@gmail.com,Mandy,Wong
malithyw@gmail.com,Malithy,Wimalasooriya
malinchimoyi@gmail.com,Malin,Chimoyi
malikar@ligercambodia.org,Chanmalika,Rith
maleeha.imranm@gmail.com,Maleeha ,Imran
malavika.radhakrishnan2000@gmail.com,Malavika,Radhakrishnan
malaika11@outlook.com,Malaika,Abid
majarhaduvall@gmail.com,Majarha,Duvall
mainazmilkasingh786@gmail.com,Mainaz,Khan
maimunambwana98@gmail.com,Maimuna,Mbwana
mahoro.celeste@gmail.com,Mahoro,Celeste
mahoneyl@stpeterspn.school.nz,laura,mahoney
mahmoudmirfat@gmail.com,Mirfat,Mahmoud
mahimamehendale@gmail.com,Mahima,Mehendale
mahima.mostafa299@gmail.com,Mahima,Mostafa
mahhclara02@hotmail.com,mah clara,pereira
maheera.a.98@gmail.com,Maheera,Lunar
maheera.98@gmail.com,Maheera,Luhar
mahazahra@hotmail.co.uk,sonia,haider
magicfun100@yahoo.com,Vy,Nguyen
maggiekirchy10@gmail.com,Maggie,Kirchner
maggie.liao8@gmail.com,Maggie,Liao
maggie.kirchner@icloud.com,Maggie,Kirchner
mafercyl@hotmail.com,Maria Fernanda,Lomeli Gutierrez
maeve.lauzon1@gmail.com,Maeve,Lauzon
madlerespinosa001@stpaul.k12.mn.us,Marisol,Espinosa
madithetapper@gmail.com,Madisyn,Kovach
madeline1684@gmail.com,Mady,Sousa
madeline.eliason@rcsedu.org,Maddie,Eliason
madeleineleerogers@gmail.com,Maddy,Rogers
madefinn@gmail.com,Maria,Zhang
maddiepooo123@gmail.com,madeline,patrick
maddie.sas@comcst.net,Madison,Sas
madalinamd@gmail.com,Maria,Chitan
macefacec@gmail.com,Macie,Cooper
m.jaris@gmail.com,TEST Margaret,TEST Jaris
lydia.alemneh@hotmail.com,Lydia ,Alemneh
lungelo.hadebeer@gmail.com,Lungelo,Hadebe
lunes.gray@yahoo.com,Luna,Gray
luminitadoncila1997@gmail.com,Luminița,Doncila
luisadomigoscancela@hotmail.com,Luísa,Gonçalves
luhcafi@hotmail.com.br,Luana,Cristina
lucyrwarner@gmail.com,Lucy,Warner
lucycastillo419@gmail.com,Lucy,Castillo
luckyokello@gmail.com,Lucky,Okello
lucianaruaro@gmail.com,Luciana,Ruaro
luana.niewelt123@gmail.com,Luana,Niewelt
ltsur17@student.hausner.com,Lia,Tsur
ltay6556@gmail.com,Laura,Taylor
lovelybeagle@gmail.com,Minhong,Yang
lornaenow96@gmail.com,lorna,enow
loormasri2009@hotmail.com,loor,masri
longv@bxscience.edu,Vicki,Long
lolaperez@gmail.com,Lola,Adoyo
lolalisboa96.ll@gmail.com,Laura,Lisboa
loladog4@hotmail.com,Sophie,Bair
loisewblack@comcast.net,Hannah,Black
lohoama2008@hotmail.com,Lo-Roama,Torres
lkim97@gmail.com,Lauren,Kim
livseibert@gmail.com,Livia,Seibert
liuyuchenivy@gmail.com,Yuchen,Liu
littlerock_moore@hotmail.com,Rochelle,Moore
lisszdelgdellop@gmail.com,Mariana Lizette,Lopez Delgadillo
lisamedla37@gmail.com,Elizabeth,Muriithi
liping.wang@asa.edu.py,Alexandra,Wang
liounes_24@hotmail.com,ines,azouz
liora.nasi@ggl.hisarschool.k12.tr,Liora,Nasi
linneagmartin@gmail.com,Linnea,Martin
linn1@d-e.org,Nasrin,Lin
linda.ye.101@yahoo.com,Linda,Ye
lilyxu2468@gmail.com,Yang,Xu
lilyhastoomuchswag@gmail.com,Lily,Yang
lilyfreyaleeks@yahoo.co.uk,Lily,Leeks
lilyasamra@gmail.com,Lily,Samra
lilly9338@gmail.com,Lilian,Njoku
liliankate.vanbeelen@gmail.com,Lilian-Kate,Van Beelen
lightning.suzuki@gmail.com,Griscel,García
liduta.solonari@gmail.com,Lidia,Solonari
libby.goldhirsch@yahoo.com,Libby,Goldhirsch
liatsur@gmail.com,Lia,Tsur
lianeheidemann@gmail.com,Laine,Heidemann
lhylton@avalonschool.org,Lucy ,Hylton
lhsu0903@gmail.com,lisa,hsu
lfreeman15@archer.org,Lucy,Freeman
lexylex12@gmail.com,Nicole,Mong'ina
lexiebarasa@gmail.com,Bernice,Barasa
lesliechen2@gmail.com,Leslie,Chen
lesego.mogoje@gmail.com,Lesego,Mogoje
lesa2003@gmail.com,Cassandra,Kirkwood
leopard885@gmail.com,Surabhi,Haniyur
leoccjj@gmail.com,Leo,Cj
lennie.larissa@gmail.com,Larissa,Oliveira da Silva
leniacereceda@gmail.com,Lenia,Cereceda
lena.q.zhou@gmail.com,Lena,Zhou
leggierozigeunermusik@gmail.com,Lara,Zlokapa
leeyujung2001@gmail.com,Yu Jung,Lee
leeyujujng2001@gmail.com,Yu Jung,Lee
leeyu2011@naver.com,Lee,Yu Jung
leelop_8@hotmail.com,Lethicia,Lopes
lee.a.vivian@gmail.com,Vivian ,Lee
leca.anastasia@gmail.com,Anastasia,Leca
lebohanglephuthing1@gmail.com,lebohang,lephuthing
leannaorange@gmail.com,Leanna,Nguyen
le.okita2@hotmail.com,Letícia,Okita
ldoran001@stpaul.k12.mn.us,Logan,Doran
lderango001@stpaul.k12.mn.us,Leona,DeRango
lccielo83@gmail.com,Lorena,Cortes Cielo
lcbuckalew@gmail.com,Amy,Buckalew
lboiton066@tpaa.org,Lilly,Boiton
lbilal@andover.edu,Laura ,Bilal
lbasseres@gmail.com,Lara,Novais
laznaamran98@gmail.com,Anzal,Abdullahi
laxmi@lameera.com,Meera,Srinivasan
lavyniahmuthoni@gmail.com,lavinia,muriungi
lauren2yang@gmail.com,Lauren,Yang
lauren.yang@menloschool.org,Lauren,Yang
laurelk@zoobuh.com,Laurel,Kane
lauravan123@aol.com,Jamilah,Bowen
laurasykes61@gmail.com,Vicki,Gordon Sykes
lauramwashalo@yahoo.com,Laura,Ndisha
laurallimar@gmail.com,Laura,Lima
laura13mausolf@gmail.com,laura,mausolf
laura_siufi@hotmail.com,Laura,Siufi
laura_s_16@hotmail.com,Test,Aguilar
laura_s_16@gmail.com,Test2,Aguilar
latinabona@gmail.com,Elizabeth,Noe
lasiyo@rthighschool.org,lovina,assiyo
lary_mel@hotmail.com,Larissa Fernanda,A. Viana dos Santos
laroselydia@gmail.com,lydia,akino
larissafabiao@hotmail.com,Larissa ,Fabião da Fonseca
larakimeimonteirokinsui@gmail.com,Lara,Kinsui
lara.teodoro26@gmail.com,Lara,Franciulli
landfamfour@sbcglobal.net,Bina,Landis
lais.roman@gmail.com,Laís,Roman
lais.almeida24@etec.sp.gov.br,Laís Adriana de,Almeida
lairilynn@gmail.com,Liza,Clairagneau
l3mono4ka@gmail.com,Gabriela,Mardari
l3monka@mail.ru,Gabriela Elena,Mardari
l.newman045@gmail.com,Liora,Newman
l.dalcourt.b@gmail.com,Leanne,Dalcourt
kzhu2008@gmail.com,Katharine,Zhu
kypie21@gmail.com,Kylie,Emory
kvr.bunnylover@gmail.com,Kate,Van Riper
kschilz4@icloud.com,kayla,Schilz
kriti.lalwani@gmail.com,Kriti,Lalwani
krithika.aparna@gmail.com,Kiruthika,Chandrasekaran
kristinegatwiri@gmail.com,Christine,Gatwiri
kristih.914@gmail.com,Kristi,Ho
kristallam@yahoo.com,Kristal,Lam
krishna@adhvaryu.com,Krishna,Adhvaryu
krincon16@louismail.org,Kristina,Rincon
krairan@avalonschool.org,Kinayda,Rairan
kpc57@cornell.edu,Kate,Coppa
koukousei.2017@gmail.com,Lily,Zhao
koronuig@stpeterspn.school.nz,georgia,koronui
korina.bilic@mail.ru,Corina,Bilic
kookamemou@outlook.com,Khawla,Mesmous
kookamemou@gmail.com,Khawla,Mesmous
kooka.mesmou@outlook.com,Khawla,Mesmous
kolszewska99@gmail.com,Krysia,Olszewska
kntshinga7@gmail.con,Kholiswa,Ntshinga
kntshinga7@gmail.com,Kholiswa,Ntshinga
knapmankids@cogeco.ca,Melissa,Knapman
kko@andover.edu,Kalina,Ko
kkasbekar@ravenscroft.org,Karinn,Kasbekar
kizzykay22@gmail.com,Ke'Shawna,Harris
kiryas.16@robcol.k12.tr,Yasemin,Kiriscioglu
kirana.irfano@scienceandtech.org,KIrana,Irfano
kiowy.lt@gmail.com,Lulu,Tian
kiniankitaa@gmail.com,Ankita,Kini
kinga.zajac.gda@gmail.com,Kinga,Zajac
kindal.jackson@scienceandtech.org,Kindal,Jackson
kimottola@sbcglobal.net,Kate,Mottola
kimle@live.com,Kim,Le
kimberlystar1234@gmail.com,Kimberly,Perez
kimberly153perez@gmail.com,Kimberly,Perez
kim.lee.r2001@gmail.com,Kim-Lee,Ratte
kim.fuentes1725@gmail.com,Kimberly,Fuentes
kickingsnowflake@aol.com,Karinn,Kasbekar
kiannycordon@yahoo.com,Kianny,Cordon
khutsomahloana@gmail.com,Cathy Khutjo,Mahloana
khushi_avee@yahoo.co.in,khushi,sarangamath
khulisozelda@gmail,Khuliso,munyai
khan.aisha114@gmail.com,aisha,saleem
kexinxu000713@gmail.com,Kathryn,Xu
keshimurimi@gmail.com,Wangechi,Murimi
keren.herran@gmail.com,Keren,Herran
kerdman.mvms@gmail.com,Katherine,Erdman
kendraswan@gmail.com,Kendra,Swanson
kelvintsotetsi14@gmail.com,kelvin,tsotetsi
kellithoresen@gmail.com,Kelli,Thoresen
keerunirou@gmail.com,Keerthana,Routhu
keegan.hoslett@student.rjuhsd.us,Keegan ,Hoslett
kebbasaine91@yahoo.com,Fatou,Jah
kdulat2018@trafalgar.qc.ca,Karina,Dulat
kdornan04@yahoo.com,Haley,Dornan
kctotoroextra@yahoo.com,Katie,Chen
kbb.2220@gmail.com,KARINA,BANDEIRA DE BRITTO
kaylahernandez12@newdesignhigh.com,Kayla,Hernandez
kaylah6716@gmail.com,Kaylah,Thomas
kaylacrystafox101@gmail.com,Kayla,Gottlieb
kayla.schilz@scienceandtech.com,kayla,schilz
kayac633@yahoo.com,Kaya,C
kawtarbou38@gmail.com,kawtar,boukalane
kavyav@gmail.com,Kavya,Viswanathan
kavyasadras@gmail.com,Kavya,Sadras
kavitaallam1@gmail.com,Kavita,Allam
kattsoltan@gmail.com,Katerina,Soltan
katlehomakhalanyane@gmail.com,katleho,makhalanyane
katietoms13@gmail.com,Katie,Toms
katieisindahouse@gmail.com,Katie,Robinson
katiajubran@rfs.edu.ps,katia,joubran
kati@ghodoosian.com,Katherine,Ghodoosian
kathrynlchan@gmail.com,Kathryn,Chan
katherine.hansen240@gmail.com,Katherine,Hansen
katherine.beckman@rcsedu.org,Katherine,Beckman
katelynnreay@gmail.com,Katelynn,Reay
katelyn.patino1@gmail.com,Katelyn,Patino
kasandra.kk@gmail.com,Kasandra,Yee
karr.madison@gmail.com,Madison,Karr
karol.clara@hotmail.com,Karoline,Marconi
karlatapiador54@gmail.com,karla,tapiador
karla.paulette@gmail.com,Karla,Flores
karencia8313@gmail.com,Karen Aidee,Delgadillo
karencefeliz@gmail.com,Karen Cecilia,Moreno Valle
karemicaroline@gmail.com,Caroline,Karemi
karabotheletsane@gmail.com,Karabo,Theletsane
karaboradebe9@gmail.com,Karabo,Radebe
karabear528@gmail.com,KaraTest,Testing
kara.consigli@colorado.edu,KaraTest,Testing
kanyatteashley@gmail.com,Ashley,Kanyatte
kamilaeltassi98@gmail.com,kamila,eltassi
kambulazp@gmail.com,Zanele,Kambula
kamangamaggie30@gmail.com,margret,kamanga
kalsieking@gmail.com,Kalsie ,King 
kalekidan98@gmail.com,Kalekidan,Yeshiwas
kajalhamjadali@gmail.com,Kajal,Hamjad
kaizermakhubo59@gmail.como,Kaizer,Makhubo
kaitlyn.espiritu.99@gmail.com,Kaitlyn ,Espiritu
kainalisibach@gmail.com,Kaina,Lisibach
kaila.butler@scienceandtech.org,Kaila,Butler
k.espiritu@optimum.net,Kaitlyn,Espiritu
jyeluwa@gmail.com,Alone,Joshua
jxm033f@gmail.com,Jennifer,Martinez
jwang1623@gmail.com,Judy,Wang
jussara06@hotmail.com,Jussara ,Xavier
jusmicngoasong@gmail.com,Ngoasong Jusmic,Njualem
juneakhwale@gmail.com,June,Akhwale
julieta.ramos@cih.edu.mx,Julieta,Ramos
juliehs.wang@gmail.com,Julie,Wang
julie-leo-101@hotmail.com,Julie,Nguyen
julianasampaio@live.com,Juliana,Sampaio
julianaalmendra@hotmail.com,Juliana,Faria
juliagomes08@hotmail.com,Júlia,Gomes
julia.paivacruz@gmail.com,Júlia,Paiva Cruz
julia.paiavacruz@gmail.com,Júlia ,Paiva Cruz
jujudecampos@gmail.com,Julia,Campos
juhi.shyamsukha@icloud.com,Juhi,Shyamsukha
jproc96@yahoo.com,Jordan,Proctor
joykitavi50@gmail.com,Joy,Kitavi
joslynjung@gmail.com,Joslyn,Jung
josieschermerhorn@gmail.com,Josephine,Schermerhorn
josienoone@gmail.com,josie,noone
josicastilho@hotmail.com,Josevane,Moreira De Castilho
josiane-reis@outlook.com,Josiane,Reis
joscanelagm@gmail.com,Gloria Elena ,Martínez Rocha
jordanmoye4@msn.com,jordan,moye
jordanaaraujo30@gmail.com,Jordana,Araújo
johnsonmorgan143@gmail.com,Morgan,Johnson
johnrob@nc.rr.com,Eryn,Olmo
johnisaboke@gmail.com,John,Isaboke
johannakarras@gmail.com,Johanna,Karras
johana.canari@scienceandtech.org,Johana,Canari
jodiemaxf@gmail.com,Jodie,Ma
jocelyne357@gmail.com,Kate ,Ramirez
joannanavas62@gmail.com,Joanna,Alvarez
joannabusoba@gmail.com,Joan,Nabusoba
joanna.luo4@gmail.com,Joanna,Luo
joanmuiyuro@gmail.com,Joan,Muiyuro
joanitawino14@gmail.com,Awino,Joanita
joan_chen8888@yahoo.com,Joan,Chen
jnniferli@gmail.com,Jennifer,Li
jmilgram4@gmail.com,Jennifer,Milgram
jmeelu.25@gmail.com,Jasmine,Meelu
jmartinez9532@gmail.com,Jocelyn,Martinez
jmagaling@icacademy.org,Jemm,Magaling
jlfjohnston@gmail.com,Julia,Johnston
jkim8@andover.edu,J. Avery,Kim
jjahnelleskeen@yahoo.com,jahnelle,skeen
jinjax@gmail.com,Geeta,Shankar
jijimalak92@gmail.com,Jihane,Harchi
jhuang@andover.edu,Jenny,Huang
jhollander2020@email.medfield.net,Jamie ,Hollander
jho1387++@gmail.com,Judy,Test student
jhernandez42005@student.greendot.org,Jennifer,Hernandez
jh2263@cornell.edu,Jerica,Huang
jgomez9916@gmail.comn,Jessica ,Gomez
jgomez9916@gmail.com,Jessica,Gomez
jgomez138@gmail.com,Jessica,Gomez
jgarciah@vitro.com,Roxana Michelle,Gracia Olguin
jessicapaula3078@gmail.com,jessica,paula dos santos
jessicafreiria.16@gmail.com,Jessica,Czerevaty Freiria
jessica13.seery@gmail.com,Jessica,Seery
jessica.xie.lee@gmail.com,Jessica,Lee
jessica.c.kam@gmail.com,Jessica,Kam
jerikabrown123@gmail.com,Jerika,Brown
jericahuang@gmail.com,Jerica,Huang
jerh7@student.k12albemarle.com,Jane,Romness
jerbi_dorra@yahoo.fr,Dorra,Jerbi
jenyang@umich.edu,Jennifer,Yang
jensineraihan@yahoo.com,Jensine,Raihan
jenostrea@icacademy.org,Jen,Ostrea
jennypershin@gmail.com,Jenny,Pershin
jennym826@gmail.com,Jenny,Mo
jennyhan1999@gmail.com,Jenny,Han
jenny.le@ucalgary.ca,Jenny,Le
jenninorell@gmail.com,Jenni,Norell
jenniferckaplan@gmail.com,Jennifer,Kaplan
jenni1499@gmail.com,sdfg,serg
jenifer.mendoza420@gmail.com,Jenifer,Mendoza
jdwacky2001@gmail.com,Jessica,Dagenais
jdubovoy17@student.hausner.com,Julia,Dubovoy
jchinjewels@gmail.com,Julia,Chin
jcheskin15@student.hausner.com,Joy,Cheskin
jbur@avalonschool.org,Julianne,Bur
jbean4412@gmail.com,Angelica,Bello Ayapantecatl
jbaumgaertner@gmail.com,Jucimara,Baumgaertner
jbatres@icacademy.org,Jessica,Batres
jaytiarora.chiragh@gmail.com,Jayti,Arora
jaung07@gmail.com,July,Aung
janne6254@gmail.com,joyanne,Njuguna
janettefong8@gmail.com,Janette,Fong
janette_quiroga@hotmail.com,Janette Alejandra,Quiroga Guerra
janeruckett@gmail.com,Sarah,Ruckett
jandradequintero@gmail.com,Mirna,Andrade
janaomar0809@gmail.com,Jana,Omar
jamiechristina98@gmail.com,Jamie ,Loughlin
jamesovonji@gmail.com,OTYEKA,LOICE
jahnavi.maddhuri@gmail.com,Jahnavi,Maddhuri
jaejen@liv.ecom,Jennifer,Lee
jadehuynh006@gmail.com,Jade,Huynh
jade.diogo@gmail.com,Jade,Carvalho Diogo
jadaifearon@gmail.com,Jadai,Fearon
jacksona@stpeterspn.school.nz,abbie,jackson
jackiemposi@gmail.com,Jacqueline,Mposi
jackie32boja@rocketmail.com,Jacqueline,Borja
jacalow@rogers.com,Cassandra,Calow
j.jess112@gmail.com,Jessica ,Thoelke
izabela.mustwillo@rcsedu.org,Izzy,Mustwillo
iza1398@gmail.com,Isabella ,Azizian
iwamia@stpeterspn.school.nz,ayane,iwami
ivymutisya97@gmail.com,Ivy,Mutisya
ituzestella@gmail.com,Stella,Ituze
ismarmaciel@yahoo.com.br,leonilde ,Soares da costa 
isinha.paisane@hotmail.com,isabelle,paisani
isilsu.sencan@ggl.hisarschool.k12.tr,Su,Şencan
ishikadotty@gmail.com,Ishika,Patel
isathomazini@terra.com.br,Isadora,Nunes Thomazini
isabellamarie330@gmail.com,Isabella,Dicicco
isabella.tambosi14@gmail.com,Isabella ,Tambosi
isabelcroteau1@gmail.com,Isabel,Croteau
isabelar8600@afsenyc.org,Isabela,Rangel
isabela1610@gmail.com,Isabela,Otake
isabel7@gmail.com,Isabel ,Kim
isa_iap@hotmail.com,Isabella ,Favero
irmaessa2000@hotmail.com,estrada salas,irma mariana
ireneterpstra2@gmail.com,Irene,Terpstra
ipshita.mishi@yahoo.com,Ipshita,Bhatnagar
innovacion59@gmail.com,Maria Neli,Torres Rodriguez
influwince@gmail.com,Arllette,Reyes
inem09@aol.com,Evelyn,Nkanga
induminiuj@hotmail.com,Indumini,Jayakody
induabhilash@gmail.com,Indu,Abhilash
inabotnaru1@gmail.com,Botnaru,Ina
imeattingcookies@gmail.com,Paloma,Cruz
imaneoulahiane@yahoo.fr,imane,oulahiane
imane_oulahyane18@yahoo.fr,imane,oulahiane
imane_oulahyane17@yahoo.fr,imane,oulahiane
imane_oulahyane@yahoo.fr,imane,oulahiane
imane_oulahiane19@yahoo.fr,imane,oulahiane
iluvpurplee063@gmail.com,vivian,lee
ilovelafimo@gmail.com,Kaoutar,Taghi
ilonacrista@gmail.com,Ilona,Bodnar
ikramal2000@hotmail.com,amal,mzerd
ikramaa17@gmail.com,ikram,ait ali
ijacovetti@yahoo.com.br,ligia,santos
ihochschild@gmail.com,Isabella,Hochschild
ig.yada@gmail.com,Isabelle,Yada
ifrajibrahim1998@gmail.com,Ifraj ,Ibrahim
ifeoluwaafolayan2014@gmail.com,Ifeoluwa,Afolayan
ida.bianco@comcast.net,Celia ,Bianco 
icyezameli@yahoo.fr,Icyeza Iwacu,Melissa
ibnat.s.iqbal@gmail.com,Ibnat,Iqbal
iasmim.souza26@gmail.com,iasmim,cunha
hzynjmh@yahoo.com,sofia ,hrycyszyn
hwing777@yahoo.com,Heather,Wing
huynh329450@gmail.com,Dat,Huynh
husseinzamzam2@gmail.com,zamzam,hussein
human.race@me.com,Regan,Mc Cormick
huesos_gonzalez_@hotmail.com,Sara Lorena,Perez Gonzalez
huertamaryjose12@gmail.com,Mary ,Jose
huanga@stpeterspn.school.nz,Angel,Huang
hsimpson@andover.edu,Helen,Simpson
hrhee001@stpaul.k12.mn.us,Hannah,Rhee
houdaelbaridi1@gmail.com,Houda,El baridi
hoppysant@gmail.com,Rasika,Sant
hodgescece@gmail.com,Cece,Hodges
hitmandon01@gmail.com,Ibrahim,Oluwadamilare
hiragana228@yahoo.com,Cat,Lai
hillarystar@yahoo.fr,Ngazang Evini,Eleonor
hildebranda@edgewoodk8.com,Anna,Hildebrand
hicham-hafeda@live.fr,ikram,ait ali
hibbyoska@gmail.com,Hibaq,Muhammad
hiba.ireine@gmail.com,Hiba,EL HADAD
hi2meera@gmail.com,Meera,Srinivasan
hellokritty@gmail.com,Sofi,Zurek
hellenkokach@gmail.com,Hellen,Kokach
helenlmeng@gmail.com,Helen,Meng
heldanaeskender@gmail.com,Heldana,Eskender
heather@schof.org,Heather,Howard
heather.siobhans@gmail.com,Heather,Sheridan
hcho@ctemc.org,Heidi,Cho
hayhay2046@gmail.com,Haley,Canady
hayaatmuhsin@gmail.com,Hayaat,Muhsin
harumik1@hotmail.com,Miriam,Koga
harleystuebgen13@gmail.com,Harley,Stuebgen
hareerabubakar@gmail.com,Hareer,Abubakar
happytiffany12@gmail.com,Tiffany,Zhou
hannanbarre.hb@gmail.com,hannan ,barre
hanna_woods05@hotmail.com,Hanna,Julieta
haleys070@gmail.com,Valeria,Ceban
hajramabood147@gmail.com,Hajra,Mabood
haha050899@gmail.com,Maria,Ferreira
hadarcohen32@gmail.com,Hadar,Cohen
gvidya@yahoo.com,Laasya,Chukka
groberrta.silva@gmail.com,Roberta,Silva
greena@stpetesrpn.school.nz,Alison,Green
graciela.bustos@scienceandtech.org,Graciela,Bustos
graciekareokey434@gmail.com,Grace,Wanjiru
gracemichellewang@gmail.com,Michelle,Wang
gracejompe@yahoo.com,Grace,Jompe
gracejompe@gmail.com,Grace,Jompe
gracehuh02@gmail.com,Grace,Huh
gothicblaq@gmail.com,Zawadi,Kiboss
gonzaw@d-e.org,Wendy,Gonzalez
gloriaoduor1@gmail.com,Gloria,Oduor
gloriaoduor@gmail.com,Gloria,Oduor
gloriaocholla98@gmail.com,Gloria,Ocholla
gkenney2003@gmail.com,Grace,Kenney
gkenlaw@gmail.com,Grace,Kenlaw
gizem.keskin@ggl.hisarschool.k12.tr,Lisa,Kilercioğlu
giuliaelisa44@gmail.com,Giulia Elisa,Rosa Evangelista
giugiubook@hotmail.com.br,Giulia,Zanardi
gisselle.usa2001@hotmail.com,Karen,Macario-Gazga
giromi26@hotmail.com,Berzy Nayely ,Flores Leal
gina.yang861@gmail.com,Gina,Yang
gilmaramaquine@gmail.com,Gilmara,Maquine
gilliank@internationalsf.org,Gillian,Kelley
gikotafonseca@gmail.com,Giovana,Fonseca
gih_veneziano@outlook.com,Giovanna,Veneziano Cintra Camargo Penteado
gigimadeiberg@gmail.com,Giovanna,Madeira Momberg
gicamcd@gmail.com,Giovanna,Macedo
ghursey@cps.edu,Gabriela,Hursey
ghita-bous@hotmail.fr,ghita,bousselhami
gfallon15@shschools.org,Georgia,Fallon
gervitzj@gmail.com,Jordan,Gervitz
gerings17@bishops.com,Skylar,Gering
gena168@gmail.com,Jill,Wu
geanina_geanina2011@yahoo.com,IONELA,PATRAN
gb555@live.mdx.ac.uk,Gabriella,Bousaid
gayatrisanku@gmail.com,Gayatri,Sanku
gayathrisunil16@gmail.com,Gayathri ,Sunil
gauravkler@ymail.com,gaurav,kler
gateskatherine85@gmail.com,katherine,gates
gateskatherine12@gmail.com,katherine,gates
gashygw@gmail.com,Grace,Wainaina
gashygrace@mail.com,Grace,Wainaina
gashygrace@gmail.com,Grace,Wainaina
garcia.08elizabeth@gmail.com,Elizabeth,Garcia
gao.hy06@gmail.com,Huayu,Gao
gamakat@verizon.net,Katherine,Thompson
gaimacheyenne3@gmail.com,Cheyenne,Gaima
gaiello15@lasalle-academy.org,Gabriella,Aiello
gaiatallulah@gmail.com,gaia,palliere
gabrielle.maite@hotmail.com,Gabrielle,Morais
gabrielatgoto@hotmail.com,Gabriela,Goto
gabrielahdz023@gmail.com,Gabriela,Hernandez
gabrielagraele@icloud.com,gabriela,raele
gabrielafernandes09@gmail.com,gabriela,fernandes bordino
gabriela.1226@hotmail.com,gabriela ,lopez 
gabisabbatini@outlook.com,Gabriella,Sabbatini
gabisabbatini@hotmail.com.br,Gabriella,Sabbatini
gabi0706@hotmail.com,Gabriele,Guimarães
gabdf621@gmail.com,Gabriela,Rodriguez
g98diana@gmail.com,Diana,Gonzalez
fsrioja@gmail.com,Frida,Rioja
frany.n.23@gmail.com,Francia Berenice ,Valadez Navarro 
franceszhuang7@gmail.com,Frances,Zhuang
foxglove1204@gmail.com,Jenny,Liu
footballerrani@gmail.com,kaisar jaha,Shaikh
flyinganna59@gmail.com,Anna,Kolchinski
floridap59@gmail.com,florida,pendo
florencia.pena@asa.edu.py,Florencia Victoria,Peña Diaz
florencefaith@gmail.com,Florence,Matteson
flofinney@gmail.com,Loghan,Finney
fjayousi@hotmail.com,farah,jayousi
ferrerik@edgewoodk8.com,Kathleen ,Ferreri
fer.gatto@hotmail.com,Fernanda,Gatto
faysarahadams@gmail.com,Faith,Kamau
fauzzyahmad1@gmail.com,Ahmad,fauziya
fauziyaansari2000@gmail.com,Fauziya,Ansari
fatmarajab1@gmail.com,Fatma,Mohamed
fatman2010@gmail.com,Alexis,Johnson
fatmaammar264@yahoo.com,Ammar,Fatma
fatma_chouaib@yahoo.com,Fatma,Chouaib
fatimap1924@afsenyc.org,Fatima,Pichardo
fatimadurodola@gmail.com,Fatima,Durodola
fatima23duro@gmail.com,Fatima,Durodola
fashiondroshani@gmail.com,Roshani,shaikh
farook.saima10@gmail.com,Saima,Farook
fariborzi.mona@gmail.com,Mona,Fariborzi
farheenshaikh15402@gmail.com,farheen,shaikh
farah.jayousi@hotmail.com,farah,jayousi
farah-turc@outlook.fr,farah,maataoui
fantasmiccessories@gmail.com,Julia,Chin
familiacalancagoes@terra.com.br,Rebeca,Góes
falcon1998@gmail.com,Cindy,Weng
faithmwanyolo@gmail.com,Faith,Chugu
faithdarian@gmail.com,Faith,Darian
faithchugu@gmail.com,Faith,Mwanyolo
fadwabb10@gmail.com,Benkhallouq,Fadwa
fadelnourhaan@gmail.com,Nourhaan,Fadel
f_guichard@hotmail.com,Gabrielle ,Baaklini
f_alcantar@outoolk.com,Flor,Alcantar Martinez
evendanuh@gmail.com,Everlyne,Kyunguti
evellynmaria9@gmail.com,Evellyn Maria,Gomes da Silva
eve.chen@ucalgary.ca,Eve,Chen
ethorsgaard@gmail.com,Ellie,Thorsgaard
estradasalasirmamariana@gmail.com,Estrada Salas,irma mariana
esthermuthoni529@gmail.com,Esther,Muthoni
estheraragaos@gmail.com,Esther,Aragão da Silva Santana
esterling709@gmail.com,Elizabteh,Sterling
estelacrescencio@gmail.com,Estela,Crescêncio
estela2112@gmail.com,Estela,Toledo
esmeraldagutierrez2018@gmail.com,Esmeralda,Gutierrez
eshashali98@gmail.com,Esha,Shali
eshaparikh23@gmail.com,Esha ,Parikh
errabbany7538@gmail.com,fatima zahra,errabbany
erinsong101@gmail.com,Erin,Song
erin01pd2017@sasstudent.org,Erin,Zhang
erikamia2106@gmail.com,Erika,Stuad
erikacassiano120@hotmail.com,Erika,Almeida
ericaxw99@gmail.com,Erica,Weng
ericalin99@gmail.com,Erica,Lin
epvball2018@gmail.com,Eleanor,Verburg
eokoeyo@gmail.com,Eyo,Eyo
eniola342@gmail.com,eniola,Akinsipe
eniokinpe@gmail.com,Ayomide,Akinsipe
emsprinthal@gmail.com,Ellie,Sprinthall
emozemiz@yahoo.com,Rasmei,Dara
emmy.k1327@gmail.com,Emily,Koudry
emmaharriperad@yahoo.com,emily,harripersad
emma.hubka@gmail.com,Emma,Hubka
emma_jaeger@priorypanther.com,Emma,Jaeger
emilyxue003@hotmail.com,Emily,Xue
emilywchin@yahoo.com,Emily,Chin
emilywang@live.ca,Emily,Wang
emilyren99@gmail.com,Emily,Ren
emilyramkhalawan@outlook.com,Emily ,Ramkhalawan
emilychin1130@gmail.com,Emily,Chin
emily.rexer@gmail.com,Emily,Rexer
emily.mmmm8@gmail.com,Emily,More
emillytoneka18@gmail.com,Toneka,Emilly
emcallen@afsenyc.org,Esi,McAllen
emamongol@gmail.com,Emma,Tulga
emackaman@yahoo.com,Erin,Mackaman 
elysiagao@gmail.com,Elysia,Gao
elvu4cjo4@gmail.com,YING-YING,KAO
ellylovepanda@gmail.com,Elise,Woods
ellisisawesome43@gmail.com,Fatima,Sheriff
elizkuhlman@gmail.comm,Elizabeth,Kuhlman
elizabethgino@gmail.com,Elizabeth ,Gino
elizabethchen@comcast.net,Elizabeth,Chen
elise3398@gmail.com,Elise,Russo
elendubenita@gmail.com,Benita,Elendu
elena_sinel@yahoo.co.uk,Victoria,Sinel
elareainc@gmail.com,Karla,Pérez
ekg34celtics@gmail.com,Emma,Gardecki
ejusuf@andover.edu,Emily,Jusuf
eheon15@lasalle-academy.org,Elizabeth,Heon
ehealey15@lasalle-academy.org,Elizabeth,Healey
egehizajoy30@gmail.com,joy,egehiza
effiejaphy@gmail.com,Effie Nduku,Mutisya
eendo18@archer.org,Elizabeth,Endo
edmecontreras1298@gmail.com,Mariana Edmé,Contreras Ornelas
edith_primavera@hotmail.com,Edith,Orozco
edicarlams@gmail.com,Edicarla,Silva
edanthinne@yahoo.com,Elisa,Danthinne
ebonymorales2001@gmail.com,ebony,morales
ebony.warren.7b@gamil.com,Ebony,Warren
eberman19@spenceschool.org,Eliza,Berman
eao21298@gmail.com,Emily,Opel
dulinirath@gmail.com,Dulini,Rathnasooriya
dukemabo@gmail.com,Mabo,Duke
dudinhabarone@gmail.com,Maria Eduarda,de Paula Barone
dudaayrez90@gmail.com,Maria Eduarda,Ayres
drykaele@gmail.com,Adriele,Rodrigues
drromadesai@gmail.com,Roma,Desai
dramatime22@gmail.com,Amina,Muhammad
dradelia@yahoo.com,Delia,Draghici
douyang@andover.edu,Di,Ouyang
doughertyamanda03@gmail.com,Amanda,Doughert
doris.feng10@gmail.com,Doris,Feng
donpelumos@live.com,Adam ,Jane
doggod3210@gmail.com,Sophia,Singh
dmorri1999@gmail.com,Desiree,Morrison
dmcghee5@cps.edu,Davion,McGhee
dman.fot@gmail.com,Oluwadunsin,Fatuase
dkbibinski@verizon.net,Diana,Bibinski
dkbibinski@gmail.com,Diana,Bibinski
djb.rihabelhouda@gmail.com,Rihab el Houda,Djabou
diyamarwah00@gmail.com,Diya,Marwah
divyatiwwari@gmail.com,divya,tiwari
divi0202@gmail.com,Divya,Shridar
divapupstar@yahoo.com,Diya,Chatterjee
disebomakomo@gmail.com,Disebo,Makobo
dipali.kadam0503@gmail.com,Dipali,Kadam
dinu_bianca.georgiana@yahoo.com,Dinu,Bianca
dinosawrssayrawwr@gmail.com,Leslie,Ochoa Huerta
dinaalami@rfs.edu.ps,dina,alami
dilara.zaimoglu@ggl.hisarschool.k12.tr,Dilara,Zaimoğlu
dilane_ngougnou@yahoo.fr,Dilane,Ngougnou
diasysande2003@gmail.com,Daisy,Sande
diandrasouza14.jovem@gmail.com,Diandra ,Matos de Souza
dianasunday9@gmail.com,Diana,Sunday
dianamapenzi@gmail.com,Diana,Mapenzi
diana860077@gamil.com,diana,abu alhaija
diamondcharlie@yahoo.com,Charlene,Biboum
dhuli@rocketmail.com,Rasmisri sai,Dhulipudi
dhmomand@gmail.com,Dunia,Mommandi
dhanyarocks2000@gmail.com,Dhanya,Kasthuri
devanshikaul@ymail.com,Devanshi,Kaul
destineybrown1@gmail.com,Destiney,Brown
destineybrown@gmail.com,Destiney,Brown
derby1744@gmail.com,Amony,Deborah
deniseueda@gmail.com,Denise,Ueda
denisechacanaca327@gmail.com,Denise,Chacanaca
delaneysharpe@gmail.com,Delaney,Sharpe
deggul.19@robcol.k12.tr,Gulhan Derya,Degerli
degerliderya1@gmail.com,Gülhan Derya,Değerli
deepanshi1947@gmail.com,Deepanshi,Makkar
deep_pgi@yahoo.com,rubal,Gupta
deeingasha24@gmail.com,Dorcas,Ingasha
deedivineshine@gmail.com,Sukun,Bajaj
decastro170@comcast.net,Lauren,DeCastro
deboraruth67@yahoo.com.br,Débora ,Ruth
deborahebowen@gmail.com,Deborah,Bowen
deborah_deangelo@hotmail.com,Deborah,de Angelo
deangela.meade@yahoo.com,De' Angela,Meade
darlenesinanan@gmail.com,Darlene,Sinanan
dariasayshi@gmail.com,Darya,Lugina
dar.nimra@yahoo.ca,Nimra,Dar
daphne.wheat@sympatico.ca,Daphne,Wheat
daniviqval37@hotmail.es,Daniela,Viquez
danielly.souza.100@gmail.com,Danielly,Souza
dani_cottrell98@yahoo.com,Danielle,Cottrell
dani_ari_2005@hotmail.com,Daniela,Garcez
dance.svda@gmail.com,Carolyn,Li
danatihon@mail.ru,Daniela,Tihon
dananh.hoang20@gmail.com,Dananh,Hoang
dana.ciobanu073@gmail.com,Dana,Ciobanu
damarisakah@gmail.com,Damaris,Akah
dajawells80@gmail.com,Daja,Wells
daisysande2003@gmail.com,Daisy,Sande
dagmawitalemu5@gmail.com,Dagmawit,Alemu
d.velazquez.024@gmail.com,Karla,Medina
czclairezhang@gmail.com,Claire,Zhang
cyrine.chini@gmail.com,Cyrine,Chini
cyplaza@cps.edu,Carla,Plaza
cynthiajane@gmail.com,Cynthia,Jane
cynthia.jebet@yahoo.com,Cynthia,Jebet
cyneshayne@gmail.com,cynthia,Njiru
cwu@andover.edu,Carra,Wu
cvpaul2003@gmail.com,Christianna,Paul
cutepuppy1020@gmail.com,Malar,Kumarappan
cuteanupama.n@gmail.com,Anupama,N
cskelsey@cathedral.org,Charlotte,Skelsey
crystal.rhee@gmail.com,Crystal,Rhee
cruiz@icacademy.org,Cynthia,Ruiz
cristian.bd@mail.ru,Diana,Tatarov
crickert16@spsstudents.org,Caryn,Rickert
crbibinski@verizon.net,Christina,Bibinski
cpicard@avalonschool.org,Clementine,Picard
cpalonte@gmail.com,Chyla,Alonte
cowco_s@live.com.mx,SANDRA CUADALUPE,ALCARAZ AMEZCUA
courtney.price@lwcharterschools.com,Courtney,Price
countmoopula@gmail.com,Ilana,Franklin
costellocasey@yahoo.com,Casey,Costello
cosettecritelli354@gmail.com,Cosette,Critelli
corrin.merry@gmail.com,corrin,merry
coreyd@d-e.org,Daphne,Corey
cora.monokandilos@gmail.com,Cora,Monokandilos
cookiemonsterashley@gmail.com,Ashley,Kim
connie.abaya@gmail.com,AJ ,Abaya
coma13689manga@gmail.com,Martha,Linares
codrutaradu5@gmail.com,Codruta Delia,Radu
cnsakar@msn.com,Erin,Sakar
cmawnmahlau@gmail.com,Catherine,Mawn-Mahlau
cmariana11301@gmail.com,Milagros,Castro
cmande@icacademy.org,Claire,Mande
clubgeo16@yahoo.com,Disha,Chatterjee
cleversamiksha@yahoo.com,Samiksha,Keshav
cleonlekabe@gmail.com,Cleon,Lekabe
claudiabeatrizla@gmail.com,Claudia Beatriz,Lopes Almeida
claramathole06@gmail.com,Maria Clara ,Morais 
clairenpark@gmail.com,Claire,Park
claireenglish@verizon.net,Elise,Russo
clairedashe@aol.com,Claire,Dashe
claire.w8808@gmail.com,Claire,Wang
claire.e.mulvaney@gmail.com,Claire,Mulvaney
ciubotaruann@gmail.com,Ciubotaru,Ana
cindy987321@hotmail.com,Cindy,Lee
chyrobert2003@gmail.com,Chinenye,Ogbobe
chuckieb33@gmail.com,Charlotte,Bradley
christinethuguri@gmail.com,christine,thuguri
christine_abanto@hotmail.ca,Christine,Abanto
christinas981@yahoo.com,Christina,Huang
christieharvey123@gmail.com,Christie,Harvey
christamarie.c@gmail.com,Christa,Clark
chouatidy@gmail.com,Kaoutar,Ouahbi
chloelee@comcast.net,Chloe,Lee
chipotlegirl.clay@gmail.com,Makayla,Clay
cheyenne.kleinberg@gmail.com,Cheyenne,Kleinberg
chevy895@live.ca,Chevy,O'Dell
cherryl.m.bibin@gmail.com,Cherryl,Bibin
chelseandipakem@yahoo.com,Ndipakem,Chelsea
chelseagraham99@yahoo.com,Chelsea,Graham
chellyf100@gmail.com,Chelsea,Fernandes
chayla.b.williams@gmail.com,chayla,williams
chayaria@gmail.com,Aria,Cha
chas.shayla@gmail.com,Chassitty,Saldana
charu.ghumare1306@gmail.com,Bhagyashree,Ghumare
charlotte.conacher@live.com,Charlotte,Conacher
charkymonkey@gmail.com,Charlotte,Moxley
charelotteellingham@gmail.com,Charlotte,Ellingham
chang.adrianna@gmail.com,Adrianna,Chang
chakiccm@gmai.com,Chaki,Muriithi
chakdunna@gmail.com,Shreya,Dunna
chaimae.nimse@gmail.com,Chaimae,Nimse
cgalasso19@spenceschool.org,Charlotte,Galasso
cfitzpatrick@avalonschool.org,Claire,Fitzpatrick
certifiedmissmya@gmail.com,Armya,Cook
cenriquez37337@student.greendot.org,Cassandra,Enriquez-Morales
cenriquez337@gmail.com,Cassandra,Enriquez-Morales
celine_chen4883@hotmail.com,Celine,Chen
celinad011397@gmail.com,Celina,Diette
celialee0430@gmail.com,Celia,Lee
cedilloa76@gmail.com,Alondra,Cedillo
ccwraight2021@email.medfield.net,Charlotte ,Wraight
cchan@andover.edu,Candy,Chan
cccjbsun@gmail.com,Catherine,Sun
cc2252001@gmail.com,cierra,martin
caylen.thorn@gmail.com,Caylen,Thornton
catwoyeejones@gmail.com,Ive,Jones
catprinces@gmail.com,Anjali ,Ramesh 
cathynie01@gmail.com,Cathy,Nie
cathy.hsu0@gmail.com,Catherine,Hsu
cathiclapper@hotmail.com,Vince,Clapper
catherinebond16@gmail.com,Catherine,Bond
catalinacoslet@mail.ru,Cătălina,Coșleț
cat@iridescentlearning.org,Cat,Greim
castillot@stpeterspn.school.nz,trizia,castillo
castillo.desiree35@yahoo.com,Desiree,Castillo
castillo.desiree16@yahoo.com,Desiree,Castillo
castellinorachel@gmail.com,Rachel,Castellino
cass.torres7@gmail.com,Cassandra,Torres
carriefreed@verizon.net,Carrie,Freed
carolzinha.galianisales@gmail.com,Ana Carolina Galiani,Sales
carolw2000@gmail.com,Carol,Wang
carolinedoceu@hotmail.com,Caroline,Prudente
carolinasouza1203@yahoo.com.br,Carolina,Souza
carolinaa.a@hotmail.com,Carolina,Arreguy Simões
carolina.cicati@gmail.com,Cicati,Carolina
carolgai@rocketmail.com,Hawa,Gai
carolainerodrigues15@gmail.com,Carolaine,Rodrigues
carol.pilz@yahoo.com.br,Maria Carolina,Pilz
carmen.constantin1397@yahoo.ro,CARMEN,CONSTANTIN
carmeliatatian@gmail.com,Carmelia,Tatian
carenagala324@gmail.com,caren,agala
capayne@rocketmail.com,georgia,payne
camillebossut@live.com,Camille,Bossut
camilla@sagatelyan.com,camilla,sagatelyan
camilabrozozoski@gmail.com,Camila,Brzozowski
caitlinstanton44@gmail.com,Caitlin,Stanton
caetanajuliana@hotmail.com,Juliana,Costa
c.r.colby4@ladueschools.net,Renee,Colby
c.nagda@yahoo.com,Chandni ,Nagda
butterflyswag678@gmail.com,De' Angela,Meade
bunnyloverlexi@gmail.com,Alexis,Reid
bstorres2@cps.edu,Brianna,Torres
brunna.candida.s@gmail.com,Brunna ,Cândida Silva
brunapvasconcelos@gmail.com,Bruna,Vasconcelos
bruhcatalano@gmail.com,Bruna,Catalano
britneysingh123@gmail.com,Britney,Singh
britneysingh111@gmail.com,Britney ,Singh
briannasilva31@gmail.com,Brianna,Silva
brianna41200@gmail.com,Brianna,Sorto
brianivasquezgonzalez@gmail.com,Briani,Vasquez
bria.combs@scienceandtech.org,Bria,Combs
brendakullu9@gmail.com,Akullo,Brenda
breendasherry@gmail.com,SARAH,BRENDA
bossqueen983@gmail.com,MonDaiNai,Kess
boran.alsaleh@gmail.com,baran,saleh
bookworm.hc@gmail.com,Heidi,Cho
bofelomofokeng13@gmail.com,Bofelo,Mofokeng
bochaberi98@gmail.com,Celine,Bochaberi
bobo1299@live.com,Bria ,Bradley
bnsobus@cps.edu,Brooke,Sobus
bmmgonzalez@hotmail.com,brenda ,martinez
blessedblest@gmail.com,Alexa,Webb
bistanarendrabikram@gmail.com,Narendra Bikram,Bista
bismarklemke@hotmail.com,Bismark,Lemke
billiahkerubo14@gmail.com,Billiah,Kerubo
bilguunzaya.batt@gmail.com,Bilguunzaya,Battogtokh
bibrade@gmail.com,Bianca,Brade
biancacaravajo@gmail.com,Bianca,Caravajo
bhtechtigers@gmail.com,Lorena,Silva
bhpowergirls@gmail.com,Giovanna,Hernandez
bgundogdu@cps.edu,buse,gundogdu
beuyenj@gmail.com,Jaqueline,Nguyen
bettinabettina@sbcglobal.net,Celine,Guadamuz-Cruz
bertha.munoz@cih.edu.mx,Ximena,Muñoz
berrymang@stpeters.school.nz,georgia,berryman
bernardsebola@gmail.com,Bernard,Sebola
berkani.asma@gmail.com,Asma,Berkani
bere_gatix_kaaf@hotmail.com,berenice,valadez
bellmc612@gmail.com,Bella,McMurray
belle012@live.fr,marjana,issaoui
belahersh@hotmail.com,Isabela,Fernandes
bekyy.amaka@gmail.com,Berachah,Amaka
beidlemann@lancastercountryday.org,Nicole,Beidleman
beckymurugi@gmail.com,Becky,Murugi
bechiuni@gmail.com,Ebubechi,Usim
beatrizsantana161@hotmail.com,Beatriz,Nascimento
beatrizo_ifrn@outlook.com,Beatriz,Oliveira
beatrizana01@hotmail.com,Ana Beatriz,Henriques
bdestiney1@gmail.com,Destiney,Brown
bcampbell@andover.edu,Blake ,Campbell
bautistakimberly2@gmail.com,Kimberly,Bautista
basma.sea@outlook.fr,Basma,Abouyoussef
barosl2478@gmail.com,Larissa,Barosa
barellano2@cps.edu,Brenda,Arellano
barbararrrrossi@gmail.com,Barbara ,Costa
barasanamulekhwa@gmail.com,Bernice Namulekhwa,Barasa
banliheyouling@gmail.com,Fengyi,Zheng
bah.guido@gmail.com,Barbara,Guido
babyvgirl21@gmail.com,Megan,Caulfield 
babycakes0000000@gmail.com,Aaliyah,Fitzgerald
babimerigue@gmail.com,Bárbara,Merigue
babifernandes233@gmail.com,Bárbara,Silva
b.nikolaeva@yahoo.com,Blagovesta,Nikolaeva
azhou76@gmail.com,Angela,Zhou
ayoofranciscah@gmail.com,Franciscah,Ayoo
ayona_santana@hotmail.com,Ayona,Remedi
aym.sher@gmail.com,Aymen,Sherwani
aye_ostrander@hotmail.com,Abby,Ostrander
ayah.deeb@gmail.com,Ayah ,Deeb
awong@icacademy.org,Alyse Danielle,Wong
awkward_mafia@yahoo.com,gayla,powell
awadhshamsa98@gmail.com,Shamsa,Awadh
aureshakumu@gmail.com,Aurelia,Nyamwaya
audreyaxelle@yahoo.fr,Audrey,Kamga
aubreyscheibel@gmail.com,Aubrey,Scheibel
atyj88@gmail.com,Audrey,Jones
atroeltz2720@bvsd.org,Anne,Troeltzsch
atalia98@mail.ru,Kalinovski,Ana
asureshfamily@gmail.com,Urmi,Suresh
asramaz98@gmail.com,Asra,Mazhar
asirbu2000@mail.com,Alexandra,Sirbu
ashtaylor2000@gmail.com,Ashley,Smith
ashleymalaychanhnasby@gmail.com,ashley,nasby
ashleyluv2sk8@gmail.com,Ashley,Chan
ashleylangarica@gmail.com,Ashley,Langarica
asander@meadowbrook-ma.org,Anna,Sander
arthur.c.azevedo@gmail.com,Ana Clara,Costa Tuleski
artgirl897@gmail.com,Sydney ,Kornbleuth
artfulnotes@gmail.com,Cherletta,Freeman
arslanianlilyn@gmail.com,Lily,Arslanian
arora.nivita@gmail.com,Nivita,Arora
arodriguezpagano@andover.edu,Alexa,Rodriguez Pagano
armya.cook10@gmail.com,Armya,Cook
arjeepie.17@gmail.com,Alexis,Randall
aritamara15@gmaill.com,Ariadna Tamara ,Preza Ontiveros
arianeantunes70@gmail.com,Ariane,Antunes
arelylozano13@gmail.com,Arely,Lozano
arely_lozano@live.com,Arely,Lozano
archismitabasu@gmail.com,Archismita ,Basu
apioritarachael@gmail.com,Apio,Rita Rachael
aphrodite.faiz@gmail.com,Huda,Faiz
apalmquist@avalonschool.org,Abbie,Palmquist
anya.khachaturova@gmail.com,Anna,Khachaturova
anwe21sha@gmail.com,anwesha,-
anvu26@gmail.com,An,Vu
anutza.lazar@gmail.com,Ana,Lazar
anushkawalia@gmail.com,Anushka,Walia
anuforchange@gmail.com,Ansuja,Madival
ans.babyfireball@gmail.com,Archana,Simha
anoushrocks@gmail.com,Anoushka,Mani
anouscka@yahoo.fr,Bila,Ongandzi
anoh.victory@gmail.com,victory,Anoh
anniedu927@hotmail.com,Annie,Du
annamarques.g@hotmail.com,anna carolina,marques
annalumarks@gmail.com,Anna Luiza,Marques
annaliskirwa@gmail.com,Annalis,Kirwa
annacmarttins@gmail.com,Ana,Martins
annabellejohson.3154@gmail.com,anne ,Nyaboke
annabellejohnson.3154@gmail.com,Anne,Nyaboke
annabel.smith2020@komets.k12.mn.us,Annabel,Smith
anna@romaniuk.org,Anna ,Romaniuk
anna@cainefamily.org,Anna,Caine
anna.ho186@gmail.com,Anna,Ho
anna erickson [kissyouonedirection12@gmail.com],Sigrid,Erickson
ankita.hemmady@gmail.com,Ankita,Hemmady
anjini5@gmail.com,Anjini,Venugopal
anjaliwalia@gmail.com,Anjali,Walia
anjaligt@gmail.com,Anjali,Tangirala
anjali1827@live.co.uk,Anjali,Patel
anjali.vemuri@gmil.com,Anjali,Vemuri
anjali.vemuri@gmail.com,Anjali,Vemuri
anitasese21@gmail.com,Anita,Sese
anita.ilango@yahoo.com,Anita,Ilango
anishamahay@yahoo.com,Anisha ,Mahay 
anishamahay@gmail.com,Anisha,Mahay 
anisetti.anisha@gmail.com,Anisha,Anisetti
anika.padwekar@menloschool.org,Anika,Padwekar
angutsa08@gmail.com,gloria,imali
angeles.herrera.tb@gmail.com,MarÃ­a De Los Ãngeles,Herrera Ãvila
angelatiger@hotmail.com,Angela,Chang
angelagraciete84@gmail.com,Angela Graciete Ferreira,Pedra
angela.ranola@ucalgary.ca,Angela,Ranola
angela.lianej@gmail.com,Angela,Jocson
angel.huynh22@gmail.com,Angel,Huynh
anea1998@mail.ru,Ana,Babin
anduta1999@yahoo.com,Luiza,Poteca
andrewss@stpeterspn.school.nz,sheyanne,andrews
andreiados_santos@hotmail.com,Andreia,Santos
andrea.orozco@cih.edu.mx,Andrea,Orozco
anavanessapea932@gmail.com,Ana Vanessa,Peña Llamas
anastasia.olaru@gmail.com,Anastasia,Olaru
anasofia.silvaromo@gamil.com,Ana sofia ,Silva romo 
ananyasuri123@gmail.com,Ananya,Suri
anahitasukhija@gmail.com,anahita,sukhija
anagha.math@gmail.com,Anagha,Math
anaclaracavalcante14@gmail.com,Ana Clara,Cavalcante Sousa Silva
anabeatrizandrade495@ig.com.br,Ana Beatriz,Andrade
anabeatriz-andrade@hotmail.com,Ana Beatriz,Andrade
ana.luiza.lorenzzi@gmail.com,Ana Luiza,Lorenzi Catunda
ana.laura_04@hotmail.com,Ana Laura,Gervacio Alzaga
amyyy1229@yahoo.com,Amy,Uthup
amyminhtamho@gmail.com,Amy ,Ho 
amychou124@gmail.com,Amy,Chou
amukelanishiburi99@gmail,amukelani,shiburi
amrzadkowski@gmail.com,Alexia,Rzadkowski
amokelani.baliyoi@gmail.com,Amokelani,Baloyi
aminachida@yahoo.fr,amina,chida
amina.chepkoech@gmail.com,Amina,Suleiman
amichielsen22@spenceschool.org,Ana Lucía,Michielsen
amerhala03@gmail.com,hala,amer
amenah.waheed@gmail.com,Amenah,Waheed
ameerahabdulazeez@gmail.com,Ameerah,Abdulazeez
ameeraagoro@yahoo.com,Ameera,Agoro
ambonefsa@gmail.com,Nefsa,Ambo
amberxie88@gmail.com,Amber,Xie
amberlyngo@gmail.com,Amberly,Ngo
amber.westerholm-smyth@hertford.ox.ac.uk,Amber,Westerholm Smyth
amartinez34588@student.greendot.org,Ayla,Martinez
amanda.sapucaia@hotmail.com,Amanda,Sapucaia
amanda.a.vicentini@hotmail.com,Amanda,Vicentini
amalthe1@hotmail.com,amal,mzerd
amaliablack@gmail.com,Angela,Black
amalhussein867@gmail.com,Amal,Hussein
amalayub1998@gmail.com,Amal,Ayub
amala7100@gmail.com,Amala,Akkiraju
amakazaza@gmail.com,Berachah,Amaka
alzidaabzula@gmail.com,luiza,wanjiru
alyssaharris001@gmail.com,Alyssa,Harris
alyssa1d22@gmail.com,Alyssa,Rivard
alya.eminoglu@ggl.hisarschool.k12.tr,Alya,Eminoğlu
alxtinfo@gmail.com,Alexa,Tudose
alvyratego@gmail.com,Alvina,Ratego
alveriaivy@gmail.com,Ivy,Wairimu
alubel.19@robcol.k12.tr,Beliz,Aluç
altaf89675@gamil.com,Heena,shaikh
alpha12rv@gmail.com,Alpha,Recio
allysonkoo@gmail.com,Allyson,Koo
allisonpaul98@gmail.com,Allison,Paul
allison.milian97@gmail.com,Allison,Milian
allison.c.zhuang@gmail.com,Allison,Zhuang
aliyajenifer2001@gmail.com,aliya,jenifer
alisonkluka@gmail.com,Alison,Kluka
alinesagro@gmail.com,Aline,Oliveira Souza
alineprodrigues2@gmail.com,Aline,Pereira 
aline.paraguassu13@gmail.com,Aline,Oliveira
alinasheglov@gmail.com,Alina,Sheglo
alicia.yost@comcast.net,Laila,Yost
aliceluts@gmail.com,Alice,Lutta
alexya977@yahoo.ro,ALEXANDRA ,PANA
alexy_popescu@yahoo.com,Alexandra Cora Cristiana,Popescu
alexisshuler12@gmail.com,alexis,shuler
alexis.thomas1970@gmail.com,Alexis,Thomas
alexis.thomas1970@att.net,Alexis,Thomas
alexis.randall.17@lwcschools.net,Alexis,Randall
alexis_ray@sbcglobal.net,Alexis,Ray
alexiaparker17@gmail.com,alexia,parker
alexandramm@me.com,Alexandra,Matos
alexa8star@gmail.com,Alexandra,Chin
alejandrasalomoni97@gmail.com,Alejandra,Salomoni
alejandra291097@hotmail.com,Alejandra,Franco
albertinaabilz@gmail.com,Albertina,Abilio
alannah.woodward98@gmail.com,Alannah,Woodward
alannah.woodward@sbcglobal.net,Alannah,Woodward
alanad@internationalsf.org,Alana,Dastous
alanabean13@gmail.com,Alana,Pugh
alaa.fatayer@live.com,Lolo,Fat
aklionsky@andover.edu,Ally,Klionsky
akhsuna.d@gmail.com,Anushka,Deshmukh
ajaitasaini@gmail.com,Ajaita,Saini
aishwary.rocks007@gmail.com,Aishwary,Aishwary
aishastar8@gmail.com,Isha,Kanu
aishastar19@gmail.com,isha,kanu
aishani831@gmail.com,Aishani,Naskar
aish.borkar@gmail.com,Aishwarya,Borkar
ainembabazijstavia@yahoo.com,Nayebare,Shalon
aich.1998@gmail.com,Sumit,Aich
ahtziri-1999@hotmail.com,Ahtziri Desiree ,Ortega Salazar 
ahoslett@eurekausd.org,Keegan,Hoslett
ahmednura98@gmail.com,Nura,Ahmed
ahmedkhadija1998@gmail.com,Khadija,Ahmed
ahlam.abdulaziz@yahoo.com,Ahlam,AbdulAziz
ahearts97@gmail.com,Ashley,Cheng
ahaniyur16@gmail.com,Arushi,Haniyur
agskabra@asu.edu,Aniika,Skabrat
agor3310@gmail.com,ava,gorius
aerlyny1598@afsenyc.org,AMDG,Ysit 
adyna_iuliana90@yahoo.com,ADINA,DINU
adveunturetime479@gamil.com,Aleyna,Harris
adventuretime479@gmail.com,Aleyna,Harris
adriannamc98@gmail.com,Adrianna,Mcarthur
adrianna98mc@gmail.com,adrianna,mcarthur
adriana.ramirez@asa.edu.py,Adriana,Ramiez
adriana.leca1997@gmail.com,Adriana,Leca
adriana.leca.00@mail.ru,Adriana,Leca
adriana.gross@asa.edu.py,Adriana,Gross Brown
adriana_queso@hotmail.es,Maria Guadalupe,Lomeli
adorkablesmshs@gmail.com,Tanvir,Kaur
admin@webykids.com,Mary  Anna Mawuena,Attoh
adityachd10@gmail.com,aditya,yadav
aditibharti08@gmail.com,Aditi,Bharti
aditi_rp@yahoo.com,Aditi,Kumar
adiana201798@gmail.com,Adiana,Ponce
addie73@gmail.com,Margaret,Turner
adanmacreates@adueschools.net,Adanma,Ojukwu
adaliflores.af@gmail.com,Adali,Flores-Mendoza
adaalexa2010@yahoo.com,Alexandra,Godeanu
acortes34680@student.greendot.org,Angelica,Cortes
achiengsharon3045@gmail.com,Sharon,Opondo
acarmona625@gmail.com,Allison,Carmona
abzulaalzida@gmail.com,luiza,wanjiru
abzulaalzida 143@gmail.com,luiza,wanjiru
abush17@archer.org,Avery,Bush
abrook15@student.hausner.com,Ashley,Brook
abisoduntay@gmail.com,Amani,Tay 
abiolahassan4@gmail.com,Zainab,Hassan
abiola.oduntan@gmail.com,Oduntan,Abiola
abhalu@gmail.com,Arushi,Bhalchandra
abdullahihafsa98@gmail.com,Hafsa,Abdullahi
abdlatif-chami2015@outlook.com,Chami,manal
abbytimpiyiantarayia@gmail.com,Abigael,Timpiyian Tarayia
abbytimpiyian03@gmail.com,Abigael,Timpiyian Tarayia
abbympho@gmail.com,Abby,Tukula
abbiegaelle1@gmail.com,Abigael,Dorian
aartiramsubhag@hotmail.com,Aarti,Ramsubhag
aandino-frydman15@student.hausner.com,Alma,Andino
aanachoni@gmail.com,June,Akhwale
aalperovich17@archer.org,Aggie,Alperovich
aalatzko@verizon.net,Anna,Latzko
a.waller11@hv.sch.je,Abbie,Waller
a.ramonahernandez@gmail.com,Alexis,Hernandez
a.ramirez6418@gmail.com,Alejandra,Ramirez
a.naimazizou@live.fr,benchlih,oumayma
a.naima.zizou@live.fr,benchlih,oumaima
a.mehdi.7.13@gmail.com,Aliba,Mehdi
a.erass@hotmail.com,Alaa,Erras
997994@student.mtka.org,Ellie,Retzlaff
996664@student.mtka.org,Anna,West
996653@student.mtka.org,Ellie,Cahill
94taiane@gmail.com,Taiane,Anhaia
802239@apps.district196.org,Ellie,Sprinthall
789177@apps.distict196.org,Clare,Dixon
788450@apps.district196.org,Martha,Linares
783343@apps.district196.org,Kaya,Chaput
78054@apps.district196.org,Grace,kenney
770265@apps.district196.org,kathy,dinh
767669@apps.district196.org,Leah,Rumon
765128@apps.district196.org,Joanna,Trinkle
7643101@isd535.org,Keira,Stoeckig
7558102@isd535.org,Phyllis,Schram
7283701@isd535.org,Marleigh,Van Dellen
6587302@isd535.org,Jenny,Oettinger
5175.maya@videotron.ca,Maya,Lebel
4natalierock@gmail.com,Natalie,Rock
3michlee@gmail.com,Michelle,Lee
2anikatyagi@gmail.com,Anika,Tyagi
23791@verona.k12.wi.us,Anna,Weber
21nordeena@isd112.org,Allie,Nordeen
21marekg@isd112.org,Grace,Marek
21kestera@district112.org,Annalee,Kester
21jarrardk@isd112.org,Kali,Jarrard
21jarradk@isd112.org,Kali,Jarrard
2027elizab@juliamorganschool.org,Eliza,Baker
2017fionak@juliamorganschool.org,fiona,k
2013bcs111@std.must.ac.ug,Patricia,Katusiime
2001dishachopra2001@gmail.com,disha,chopra 
1zhugra@hdsb.ca,Grace,Zhu
1sousator@hdsb.ca,Tory,Sousa
1sherifffal@hdsb.ca,Falisha,Sheriff
1sheinjes@hdsb.ca,Jessalyn,Shein
1praveensne@hdsb.ca,Sneha,Praveen
1nguyenhel@hdsb.ca,helen,nguyen
1kirkwoodcas@hdsb.ca,Cassandra,Kirkwood
1kazimar@hdsb.ca,Mariam,Kazi
19echristenfeld@gmail.com,Elena,Christenfeld
1998sanda@gmail.com,Alexandra,Rata
1997nour@gmail.com,Nour,Lamrani
18wenapisdorf@asfg.edu.mx,Wendy,Apisdorf
18vanalvarez@asfg.edu.mx,Vania,Alvarez
18rberry@castilleja.org,Riya,Berry
18marhuato@asfg.edu.mx,Marion,Huato Hernandez
18jimdeobeso@asfg.edu.mx,Jimena,De Obeso
18769@verona.k12.wi.us,Hanah,Pierce
17zmohsenin@pinewood.edu,Zarin,Mohsenin
17schui@pinewood.edu,Stephanie,Chui
17krystynaol@piedmont.k12.ca.us,Krysia,Olszewska
17hmerk@pinewood.edu,Helena,Merk
17529@verona.k12.wi.us,Maria,Moreno
16sabcuevas@asfg.edu.mx,Sabrina,Cuevas
16palcalderon@asfg.edu.mx,Paloma,Calderon
16daprios@asfg.edu.mx,Daphne,Rios
16090@verona.k12.wi.us,Madeline,Montgomery
15dcehreli@pinewood.edu,Damla,Cehreli
1002.mariana@gmail.com,Mariana,Oliveira joaquim
012104@student.mtka.org,Anna,Cherian
011989@student.mtka.org,Kirsten,Shaw
010280@student.mtka.org,Zelie,Capolupo
009803@student.mtka.org,Ella,Christenson
004694@student.mtka.org,Frannie,Murphy
004396@student.mtka.org,Lauren,Benoit
003620@student.mtka.org,Ally,Gammill
003185@student.mtka.org,Callie,Creech
002632@student.mtka.org,Emma,Sheridan